,stunted_correlation,stunted_p_vals,underweight_correlation,underweight_p_vals,wasting_correlation,wasting_p_vals,bmi_correlation,bmi_p_vals
hhid,0.05091553990369908,0.23665452203608386,0.03231697656026179,0.45233812182940525,-0.03922646913462829,0.36518083827148706,-0.02722924488869323,0.5273944804360504
land_size,0.055978096111493326,0.19317913240841056,0.05601846961454904,0.1924457370316073,0.045248146177427506,0.29617096931308956,-0.023008804423433383,0.593338774414012
land_size_pc,0.10888106308279341,0.011195356333267414,0.09011734067125741,0.03578336107503714,0.02274171282682575,0.5996840714921454,-0.04892299075713666,0.2559699410761115
cid,0.050915973986466315,0.2366505202320696,0.03231705338983767,0.45233704644250294,-0.039226843743579216,0.36517625560917844,-0.027229474244250648,0.5273910006498997
hh_weight,0.007200428461427591,0.8671752647394804,-0.02008230340409603,0.6405472761782773,-0.04690319788008752,0.27883829958467465,-0.016630258763679493,0.6995396592112397
hhsize,-0.09716083824116432,0.02368979569244394,-0.03418693772828038,0.42659434487624326,0.06224082791536143,0.15053014817642305,0.09442203241763249,0.028089876153815956
numadult,0.011362730814089266,0.7918320791679251,0.036698155292799774,0.39339845274405594,0.025073282433811638,0.5628042976145511,0.03704609859750232,0.3898042254509235
numchildren,-0.1392861337892531,0.0011496750814798083,-0.07345832345547773,0.08724393475958626,0.06477578464658902,0.1345662136123665,0.09915019086129398,0.021081237495273766
numwomen,-0.04139988244222578,0.336042810719699,-0.03050264277056345,0.47813171800360643,-0.020032037939556286,0.6438625930702073,0.0442563825752935,0.3041852062005697
depend_ratio,-0.06813179149655639,0.11311446999377656,-0.031072091726756308,0.46995086414306153,0.04201525047044102,0.33206101122498743,0.056593841382424466,0.1887291034167164
hh_age,-0.04302824348211752,0.3173655127462644,0.029978142730422038,0.4857349831462182,0.0794846412490865,0.06619626390051335,0.10120904142865284,0.018539349103051828
age_ave,-0.04294067779747923,0.31835228388613546,0.028239376856979224,0.5114004209286731,0.07621760736927034,0.07817788023934015,0.09966147621381435,0.02042325897768681
edu,0.11478480277827464,0.007473600616841563,0.1420146295568098,0.0009050751499028011,0.06370009722216763,0.14117324829921746,-0.03065764614441666,0.4767146197031774
educ_ave,0.14393787842488406,0.0007772208442233244,0.12249666158018381,0.004254396537564952,0.004282622843728777,0.9212763332686907,-0.07268990960135956,0.0912101390906868
educ_max,0.12563500369561953,0.0033922523503642846,0.11773387834914878,0.00601956960452477,0.029272942419693467,0.4992652749249481,-0.061849065756652805,0.15082577331582464
hh_edu,0.10546658401045486,0.016028881799946614,0.13106992106659687,0.0026965113495952997,0.058913552030187534,0.18191817456512957,-0.029547204763152965,0.5013893722193534
hh_male_edu,0.11827861353095519,0.014234666346752559,0.12758723549167256,0.008076917361911719,0.042564481086091656,0.38253910286646076,-0.0567189513503447,0.24163015037648994
hh_fem_edu,0.031554919908374106,0.7652450353598783,0.05985279003277465,0.5708861104713425,0.05115489589210028,0.6281948664579274,0.04844193041187121,0.6465536196819276
outsidefood,-0.00979433395596209,0.8200350742474524,-0.03700724949205732,0.38942321783945344,-0.029197564358313385,0.5003712654615365,-0.017177621466043312,0.6901536490503765
outside_eat,0.03689182053317667,0.3913435033411603,-0.015796542491409347,0.7134166034241238,-0.03583340783647104,0.40814854067801254,-0.040363495424847205,0.34873729170443946
outside_eat_m,-0.013192296566239584,0.7592752055611278,0.001170759502533049,0.9782853805958128,0.022429116835262185,0.6047103944480968,0.01451045962588175,0.7363115770178037
outsidefood_m,-0.01336453417883743,0.7562310726729062,-0.03267796027433446,0.4473013415029037,-0.0318204119450896,0.4626606512991679,-0.008134823213605133,0.8502678808785151
outside_eat_f,0.03630264349259518,0.3989573679129912,-0.022188383363317903,0.605914672742415,-0.07259939626870807,0.09344173936464291,-0.03639680989763888,0.39817222559788734
outsidefood_f,-0.16686872987868676,9.489615143689764e-05,-0.028034727673706496,0.5144669662153236,-0.04391083060779078,0.31069065580427013,0.20203503221335276,2.1660203528127745e-06
outside_eat_c,-0.0441067022635868,0.30537659162679687,-0.04046196885808286,0.3466679588315258,0.02231064457142137,0.6066202567739953,0.0013255040042907016,0.9754616269127375
outsidefood_c,-0.09356638701243833,0.029401570986499703,-0.04551144940070161,0.28976884248685075,0.08557916796064209,0.04787764790416545,0.04209716511541495,0.3284089782953169
insidefoodyr,0.10418901482785993,0.015240178754838645,0.1096347705110614,0.010570911528427356,0.02401018746468657,0.5794842867397535,-0.0005921275860131294,0.9890368671875507
shannon_exp,0.03287179673266834,0.4450315124106078,0.05513378495446924,0.1995752964537605,0.019513161223501177,0.6524739989752006,-0.004600820990318218,0.9149750874843545
simpson_exp,0.052998879343111295,0.21799446970036157,0.06686842888636148,0.11962638009180503,0.031556279680354606,0.46638524655871405,-0.025281016417429292,0.5573681717367015
sh_cereals_exp,-0.045476951922193656,0.29192683951273196,-0.03938349329616741,0.361019936977939,-0.0067898104269110745,0.8758428548557581,0.03850227347354259,0.37276453164956724
sh_roots_exp,0.027178125382907918,0.6524423077777981,0.016820741118860012,0.7800806850744284,0.011876891743836483,0.8448405476412789,-0.029235566005403706,0.6280452164865905
sh_veg_exp,-0.0899200849473774,0.03795891264461876,-0.123250645376083,0.004339888015066917,-0.045776558755787795,0.2946741271753587,-0.016205276088719772,0.7092064790344554
sh_fruits_exp,0.07702595153849219,0.25200991079735047,0.045705726981870747,0.4971053713622201,-0.0036680935229663095,0.9568579931235911,-0.05012091271297614,0.4564369140883957
sh_meat_exp,-0.0705287228401654,0.2665888434775349,-0.11220218557466147,0.0760051283662766,-0.04030113240323152,0.5284163392249244,-0.05798383694004187,0.3622255698217468
sh_eggs_exp,0.022105216820141552,0.812993343663135,-0.008234538109874661,0.929479872646992,-0.0041523233445519446,0.9648705685560076,-0.05585085118314354,0.5497730531676317
sh_fish_exp,-0.03975131773671144,0.508446634236597,-0.05093621764029187,0.3949955648709944,0.012277773844326786,0.8393819733855965,-0.022648410724586707,0.7064315301358026
sh_pulses_exp,-0.04830212603907568,0.3055180162696618,-0.04515103748328205,0.33764970983698617,-0.014583250669790613,0.7590069765534154,-0.00037131996855876005,0.9937257002336807
sh_milk_exp,-0.12576756511444023,0.5319223930930355,0.35471679750122953,0.0694471088038668,0.23576435535302692,0.256561774842359,0.4201148463292159,0.029125985339199408
sh_oil_exp,0.018492292647329166,0.718996782560819,0.01097482387657618,0.830699562748777,0.006417610895765973,0.9011609155467271,0.00420303066606511,0.9349150284474989
sh_sugar_exp,0.10512318704102583,0.06810247249426601,-0.005039928629904644,0.9302639880138222,-0.07684679817602516,0.18510488032335834,-0.08961386845014203,0.12018610803256444
sh_misc_exp,0.011089514715552569,0.8106980871877012,-0.010490636235852101,0.8205542216137689,-0.02456790071888702,0.597595803528503,-0.02871081983700669,0.5355364825318791
foodvalue_totalyr,0.10418548450202668,0.015243651572076312,0.10962434156517051,0.010578347998835017,0.024002604239448933,0.579604094120362,-0.0005964715891596691,0.9889564438750617
hhexpend,0.10416233111791838,0.015266445017020378,0.10964857712755932,0.01056107370708464,0.024047035374085517,0.5789022916167459,-0.0005580633453846276,0.9896675240743573
wealth,0.03954317440153186,0.3581821840870888,0.10526445664965327,0.01412459569455101,0.058606154253179575,0.17587766830519747,0.03939827553663756,0.360393220867393
agwealth,-0.027946653386019264,0.5161782412314191,0.046285044841299694,0.28164006156552596,0.059944083555239995,0.16620145744256817,0.07357589873380166,0.08732297492376899
nonagwealth,0.06056721132517195,0.15910255618145205,0.10905573747659224,0.010990885958947792,0.046923224438498994,0.27863287270184633,0.01680086975784704,0.6966090780157512
purch_val,-0.030249794460826377,0.48219462226536414,0.07538786847579129,0.07923103502184593,0.11112494289359094,0.010102920574270641,0.06480793863366623,0.13219799655962894
tot_kcal_cons,0.0090622058499803,0.8332825358098341,0.05384126818948107,0.21033452580166254,0.05145356944573396,0.23478299841538003,0.024956922124903254,0.5624334716185457
purch_kcal_cons,-0.024028460192708066,0.5767125262864146,0.025455203865080142,0.5539206901550724,0.05293769102649575,0.22153913730485178,0.02448341058157319,0.5698736389091966
own_kcal_cons,-0.0035240470946276675,0.9347629697668782,0.0966320324019822,0.024332554130773194,0.1042294141955713,0.015875440401592403,0.09039689814616651,0.035551512969660914
gift_kcal_cons,0.04361777291618591,0.3107742578592891,0.032074704574108104,0.45573637063037986,-0.013390318514343653,0.7573151392509779,-0.014577954821397758,0.7351308849293023
tot_prot_cons,-0.019153818871527332,0.656370823854254,-0.00263677159941117,0.9511190841041153,0.02186359707729678,0.6138510824557594,0.011694560511577676,0.7860921189896495
purch_prot_cons,-0.026136022538008674,0.5437388349437484,-0.021597477018386744,0.61554724395117,0.010208544238754743,0.8137600186413131,0.001685288630235062,0.9688041434798592
own_prot_cons,-0.003058203992470044,0.9433710845215614,0.0957535339504762,0.025663219476606942,0.09666569237196211,0.025358806930224943,0.08834763496387671,0.039958396992913404
gift_prot_cons,0.048783616344062385,0.25688716864315736,0.03833134821654241,0.3726716269955872,-0.007418543342115674,0.8640724720319963,-0.012957950358551797,0.7636358416343997
tot_animal_prot_cons,-0.016683750775639432,0.698354360754185,-0.013063554437164865,0.7613388520446039,0.010698392305043367,0.8049989208845654,0.0006033254600304562,0.988829554005314
purch_animal_prot_cons,-0.01998952191487247,0.6423999377060576,-0.01657092294692085,0.7000312943402156,0.009988213000710911,0.8177083763484799,0.0005943674025960264,0.988995400015922
own_animal_prot_cons,0.041982547397782635,0.3292801552431901,0.11994940619575521,0.00512969809591913,0.0783901214265086,0.07003000972160892,0.054968159195317695,0.20176653152779161
gift_animal_prot_cons,0.09448615850308334,0.027837668128707794,0.03873030723183251,0.36771286941552417,-0.03435969987287166,0.4277093733315125,-0.04498053383394954,0.29633308271757547
tot_mfp_prot_cons,-0.0038889097134036893,0.928026086690581,-0.017243501905572087,0.6884803962151533,-0.008823904910290052,0.838647259125226,-0.010994663225023757,0.7986106807467531
purch_mfp_prot_cons,-0.007152368100839862,0.8680536926936733,-0.02070501108718429,0.6302213004875703,-0.009551599360947242,0.8255460828162982,-0.011006368092937546,0.7984008893030475
own_mfp_prot_cons,0.03997510593924365,0.352951862936867,0.11553331610761969,0.007038339204253699,0.07517597463851447,0.08234884676600161,0.05425832700966052,0.20766006806484566
gift_mfp_prot_cons,0.09472991241089884,0.027435398983330254,0.03901588142863103,0.3641886877018079,-0.03391694104777187,0.43369085210433955,-0.045158636494646485,0.2944227880121574
tot_fat_cons,-0.02074755350028419,0.6298355699496736,0.02046631545249426,0.6341710772568737,0.041868414398875196,0.33375503204836043,0.02744802032251598,0.5240805321220576
purch_fat_cons,-0.028898214590315722,0.50198916906165,-0.001235299181691184,0.9770886528184412,0.031044916982893078,0.4736430427216767,0.017119797554384725,0.6911429843621972
own_fat_cons,-0.03013281709529978,0.48389091637998316,0.04389496264999637,0.30725858174556225,0.051687655134295435,0.23265775263512686,0.06626840381629195,0.12368442754451237
gift_fat_cons,0.03597438542850253,0.4032377095044365,0.04185903377582938,0.33025854365021967,0.011694216097841895,0.7872644465715313,-0.0007725945557594939,0.9856958698936475
tot_chocdf_cons,0.017157047177295,0.6902332506476729,0.05441009532912984,0.20554898710870004,0.04336981896801935,0.31669549031183253,0.019537384694873053,0.6502462178138597
purch_chocdf_cons,-0.01555390405057968,0.7178792076596708,0.03105860561399703,0.47014371333790084,0.0486201155935975,0.26159884509130454,0.02250578442472252,0.6014429747417593
own_chocdf_cons,0.005256949120574737,0.9028160525728963,0.10264888274077218,0.016721603340948812,0.10972677793263869,0.011093990491912628,0.08837399192400314,0.03989890992902482
gift_chocdf_cons,0.03970048800552706,0.35627164762758223,0.012463655708598951,0.7719887111457392,-0.03900662251406496,0.36787643928702185,-0.026153958714596755,0.5438360800655645
tot_fasat_cons,-0.01673908856789374,0.6974030395713855,0.0239816482791375,0.5771029347654201,0.046618442280645704,0.28177036031436264,0.02325189301175557,0.5894403094146627
purch_fasat_cons,-0.022207133723374628,0.605943867463191,0.013142665658407746,0.7599377197809221,0.04143558525951481,0.33878078198121875,0.019753854406749486,0.6466328167119755
own_fasat_cons,-0.013161461959761209,0.7598205716632646,0.09956318675739309,0.02031498000352841,0.1040587441054092,0.016049151879478453,0.0862040232246234,0.045054133411895805
gift_fasat_cons,0.05242626632844765,0.22301482569696474,0.04440930268726112,0.301619581264853,-0.004209176801848427,0.9226221614118713,-0.014136535528681018,0.7428638078040293
tot_fams_cons,-0.01890982746954738,0.6604727418476454,0.0061918366157221435,0.8855373549408011,0.023409962742287283,0.5890028705141748,0.017904293394110787,0.6777661678484088
purch_fams_cons,-0.02676528885586106,0.5340782352982854,-0.01631089563475904,0.7045158061265024,0.012217637334727461,0.7779862090707771,0.007290234515215426,0.8656577578256406
own_fams_cons,-0.03618265069397299,0.400518849207259,0.02462435323864379,0.566935835479436,0.03413444451712388,0.4307464689850762,0.05453921998337252,0.20531317627983758
gift_fams_cons,0.0333183444106446,0.4388687413610507,0.04081991667165683,0.3424151046406654,0.013661316830282298,0.752562124473411,0.0009582208175102135,0.9822596198259456
tot_fapu_cons,-0.01352393989285527,0.7534170877549109,0.0503085041602058,0.24186154263728463,0.05244311719486229,0.22589192704728747,0.04982006945861944,0.247344501929096
purch_fapu_cons,-0.06612982276670434,0.12412431161138589,-0.00745928398226909,0.8623206954659668,0.04429962247458788,0.3064219236932685,0.04498406803339164,0.2962950953320336
own_fapu_cons,-0.030323330892182025,0.4811299197693035,0.04538165340611497,0.2911479918839039,0.05593256395085612,0.19645782794906122,0.0695226279336222,0.10625230106204703
gift_fapu_cons,0.03167779433476328,0.4617493109337256,0.038147239076911685,0.3749738298508716,0.01162113907813891,0.7885622518509108,0.0005448686823641302,0.9899118085397757
tot_chole_cons,-0.014548765915719896,0.7354052594345348,-0.005844088120600834,0.891925330389816,0.015218656496435173,0.7254341473925905,0.004340982341446389,0.9197603438712705
purch_chole_cons,-0.02133636714686089,0.6201489177715052,-0.013351398517632413,0.7562446493277704,0.014719468824037373,0.7340942302858857,0.0026857794632904955,0.9503038152327784
own_chole_cons,0.03679894029809038,0.39253790828425517,0.06068951862500806,0.15787576132874706,0.0026296119536761897,0.9516133093549675,0.029558881916526655,0.4926615627005976
gift_chole_cons,0.0712036455272693,0.09772998087067124,0.04216291571138505,0.3267567568968853,0.008206610362837263,0.8497960519584125,-0.02043670549302814,0.6352890510140781
tot_fib_cons,-0.003586246635517271,0.933614164416509,0.05274013300107535,0.21982577967463143,0.05404074747331561,0.2120477069984038,0.046227754000828514,0.28312891240944676
purch_fib_cons,-0.02880783753215889,0.5033279110217521,-0.025683464469395165,0.5503707389373378,0.00402507643031139,0.9259965864252334,-0.0023831221359465115,0.9558979675491681
own_fib_cons,0.01118324623747345,0.7950465952176476,0.10373359914871441,0.01559775208256243,0.10226992599405911,0.017972489730703135,0.08387506792673771,0.05119891680920542
gift_fib_cons,0.03013430357902426,0.48386934058160413,0.01733279556127211,0.6869522261737857,-0.03374915493281339,0.43597010910668477,-0.012842464364266722,0.76568066227947
tot_sucs_cons,0.021138259601822734,0.6234007924808704,0.052018195286526604,0.2262125918211332,0.03652509799672688,0.39915389814791324,0.012928170541834769,0.7641629730180197
purch_sucs_cons,-0.009004750645884766,0.8343242089308542,0.040252556847873405,0.34917150853619794,0.05112235741720091,0.23781341087368177,0.02437741617536064,0.5715454921418409
own_sucs_cons,-0.036923243654678486,0.390939912417795,0.02587924099034349,0.5473349120527994,0.05500554607026964,0.203989190621351,0.04513417721033884,0.294684644824953
gift_sucs_cons,0.03535874947742507,0.41133892614010925,0.04208104689708524,0.3276977974128137,0.012837866875439235,0.7670327553571095,-6.255249057174907e-05,0.9988418162620555
tot_phytac_cons,-0.026247715951830307,0.5420177903246051,0.03947902355307183,0.35851813670229093,0.060919979233675654,0.15939935558968765,0.06184822810649513,0.15083131554850476
purch_phytac_cons,-0.08427172820372399,0.04989293232260697,-0.08734313900042771,0.041901158620590385,-0.010947212323070376,0.8005579504353233,0.004762978231678662,0.9119903028138862
own_phytac_cons,-0.009965163454633087,0.8169512140864236,0.08478236326857871,0.04830982659431824,0.09574862972832618,0.026788746004106568,0.08853644880475162,0.03953390031566367
gift_phytac_cons,0.03395554073274758,0.4301600766052045,0.027388810527018515,0.524207799992112,-0.0067578763202769876,0.8760753424608922,-0.009596097555148722,0.8237780274032007
tot_trp_cons,-0.027099001163022857,0.5289903344370647,-0.0013474953145391933,0.975008378649337,0.033681802703991646,0.43688697558982537,0.015666550928135167,0.716176032861746
purch_trp_cons,-0.03283929468361278,0.4454819837986015,-0.014068045169898432,0.7436078340177734,0.02704051410458773,0.5325618308539042,0.010700497197424459,0.8038878698667471
own_trp_cons,-0.008253356297232277,0.8479731616944444,0.08023608571087809,0.06170706461116977,0.08237109580200805,0.05690637023954446,0.07299460711323429,0.08985795905405079
gift_trp_cons,0.05363760960592905,0.21249060599041633,0.04761044626402697,0.268074682905676,-0.0019199123045755611,0.9646621844542344,-0.011272617379289867,0.7936327358537214
tot_thr_cons,-0.01879012306078943,0.6624889158802956,-0.004905548927311368,0.9091996404708679,0.019614407343981056,0.65079001586797,0.009160862875959413,0.8316484477745676
purch_thr_cons,-0.024333687481530277,0.5718794005906678,-0.01852743086199003,0.6666320274661403,0.011825098588391769,0.7849415238741856,0.002655511965141108,0.9508631577497472
own_thr_cons,-0.003760946378553734,0.9303882618415247,0.09135990176558029,0.033299935320299366,0.08933402495297749,0.03886622448817435,0.08354066092805082,0.05213618060226309
gift_thr_cons,0.05101816051275665,0.23570979100259595,0.042582714326903436,0.3219589173524521,-0.0036537947482862235,0.9328058855874404,-0.011454536231699619,0.7903792288745651
tot_ile_cons,-0.020065945627322272,0.6411285008733755,-0.003937749932483949,0.9270573524813285,0.022064174801085957,0.6106021228287715,0.010583487371839286,0.8059894616951214
purch_ile_cons,-0.025716620076883027,0.5502253654654654,-0.017760249380777145,0.6796545411647542,0.014173858541277385,0.743598364457214,0.004066356281502621,0.9248210771506481
own_ile_cons,-0.00381131081152135,0.9294584712890577,0.09255854352240599,0.031045173444407367,0.0906400341826978,0.03608908762872924,0.08350728931634238,0.052230493666152046
gift_ile_cons,0.05205791995823267,0.22628757983247727,0.04394349762374977,0.3067235101268208,-0.0032780317980434163,0.939702365156484,-0.010995513894544394,0.7985954333377484
tot_leu_cons,-0.020577392004103263,0.6326468830015173,-0.0033400947965700426,0.9381041232908532,0.022937257928784382,0.5965494658711163,0.012557049227996796,0.770741247872785
purch_leu_cons,-0.027402854643012085,0.5243791616998265,-0.021453419312386587,0.617905716329789,0.011870780466164648,0.7841312031544078,0.0029816360654460992,0.9448377215307472
own_leu_cons,0.0021609591902765923,0.9599686140081336,0.09928487786749106,0.020669901298871775,0.09694707462433053,0.024933478112797256,0.08725778318470301,0.04248470103238244
gift_leu_cons,0.051148339993354955,0.23451518468426588,0.03812312909551162,0.3752759621699465,-0.011106897518045809,0.7977112426308193,-0.015058577035441967,0.7267415576176708
tot_lys_cons,-0.011494413492107418,0.7894759202996031,-0.009396500291042277,0.8270700420352682,0.007687187197047531,0.8592005723130487,0.00017656587234443977,0.9967308220510729
purch_lys_cons,-0.01598769134649591,0.7103603655491386,-0.0183391116523313,0.6698195722045059,0.0029738284644362286,0.9452888206674208,-0.003208110192398397,0.940655238362722
own_lys_cons,0.0027784491205541987,0.948543790792439,0.1034784155851804,0.015856005139399304,0.09673367274659235,0.02525548036340297,0.08455078348899174,0.049347943320672
gift_lys_cons,0.06532888237866571,0.12875585120394617,0.04774902972510574,0.2666825925655963,-0.008296159903979661,0.8481768076025905,-0.01888510421138644,0.6611837505944482
tot_met_cons,-0.016645848675312495,0.6990062149408964,-0.006195596392264255,0.8854683293778621,0.01660511133916687,0.7015674623946543,0.006457993235717318,0.880872529478841
purch_met_cons,-0.022009563132998053,0.6091541423131344,-0.018195054463707224,0.6722619386174917,0.009935972906903333,0.8186452047574702,0.0009084321429186589,0.9831812612215729
own_met_cons,0.0069656841567870085,0.8714673583949781,0.10629603984580645,0.013202295297646561,0.09855294522012506,0.022622119814172992,0.08773242447005851,0.041368376789773245
gift_met_cons,0.061763528788758036,0.15101327233277786,0.04217078221293908,0.32666642772390797,-0.015134683806166322,0.7268885227810368,-0.02016709016062475,0.639757997275284
tot_cys_cons,-0.015010667716892027,0.7273336226724426,-0.003345689029467844,0.9380006637377747,0.014119615456596216,0.7445453993084337,0.008930011668299168,0.8358298640907784
purch_cys_cons,-0.02164554784623324,0.6150885969791631,-0.024800774091940522,0.5641600439447636,0.0005258326163399597,0.9903186291330589,-0.003101841744260848,0.9426175886382188
own_cys_cons,-0.012429977542521045,0.772792567329365,0.07902023798184986,0.06576930539191178,0.08442382159913275,0.05098017391065985,0.08129010812796664,0.05882293469666871
gift_cys_cons,0.043263215256867264,0.3147275269099092,0.04100444890826738,0.34023569038683465,-0.00018664929662493457,0.9965634316809409,-0.006618428145666818,0.8779359162703078
tot_phe_cons,-0.021736960492087846,0.61359593431206,-0.001175403382929514,0.9781992697286933,0.026354809494903552,0.5430094996559638,0.014335490382264266,0.7393751968177439
purch_phe_cons,-0.02783588029192528,0.5178433926576658,-0.018655013655210398,0.6644759258714036,0.015501470639332585,0.720543199079607,0.005081556704931382,0.9061299580820192
own_phe_cons,-0.008761186626938783,0.8387432674349682,0.08571140231355144,0.04589580695720358,0.09005918409543981,0.03730267217718644,0.0833412890941531,0.052701751200618936
gift_phe_cons,0.04631940605484913,0.2817281280411316,0.039968215667409136,0.352589124231814,-0.0032257308152396098,0.9406626287392543,-0.009847886910453402,0.8192328817137293
tot_tyr_cons,-0.024145675393680968,0.5748542101363987,-0.0005841067258660096,0.9891652997712366,0.029012379219530843,0.5030939013705206,0.01659146207118217,0.7002066943019442
purch_tyr_cons,-0.030798005383303028,0.4742881214911234,-0.01841973255661546,0.668454229551619,0.018637919546104127,0.6671044446166134,0.007500040363317391,0.8618297489154624
own_tyr_cons,-0.010283113300726798,0.8112190504108325,0.08057522496232195,0.0606116582302739,0.08212419731916519,0.05765620848239065,0.08118893772385224,0.05913948225464882
gift_tyr_cons,0.04393323910449025,0.30728444304853086,0.04069486738149592,0.3438970455067971,0.001341702286837812,0.9753005695895114,-0.007246432510520314,0.866457346374861
tot_val_cons,-0.02171454392223469,0.6139618234724096,0.004256835671054078,0.921165124907013,0.0277749085938364,0.5214859456162209,0.01882323767033186,0.6622249397506643
purch_val_cons,-0.03001022421768081,0.4856720997460704,-0.01929392753754318,0.653720423419095,0.014923299400506866,0.7305539579173138,0.007080118367362786,0.8694945808679523
own_val_cons,-0.025259490973035422,0.5573383901425696,0.05103205265238077,0.23514852813038414,0.05749431558372582,0.1842324696607353,0.06792924256691371,0.1145282462947516
gift_val_cons,0.036179371421678534,0.400561574131979,0.04074578233514869,0.34329316768100515,0.00992292444766604,0.8188792448389501,-0.0009582319564926936,0.9822594136337794
tot_arg_cons,-0.010952222545088527,0.7991892673514036,-0.00880859306372102,0.8377346642561947,0.007856342597868356,0.8561356400262898,0.0009167795526436673,0.9830267401806138
purch_arg_cons,-0.016365875485001163,0.7038281245892657,-0.021523399048999466,0.6167595351414967,0.00013043527443071354,0.9975984348882599,-0.005144140686195557,0.9049792958952096
own_arg_cons,0.009202939703462098,0.8307322421502612,0.10884430896218825,0.011147881417931793,0.10573029912391153,0.014417471323823023,0.08667568075433114,0.043888351593079196
gift_arg_cons,0.06449807438020336,0.13370045660921911,0.03890811251906389,0.3655161488359031,-0.024195185887651464,0.5765650927257052,-0.024990102766048333,0.5619138713152935
tot_his_cons,-0.015244332409738496,0.7232617797252769,-0.005770637208159047,0.8932754982722797,0.013612794527099362,0.7534124713733634,0.006571926856677816,0.8787869089850253
purch_his_cons,-0.02123560363452256,0.6218019997779323,-0.02163695638483468,0.614901588217283,0.004280796105058441,0.921309803789717,-0.0011464543429214468,0.9787754404352377
own_his_cons,-0.014991242308939466,0.7276724777870708,0.07904516871956338,0.06568385498617696,0.0841158829497029,0.051834879013844135,0.08176665050063843,0.057350712310299666
gift_his_cons,0.04509988236487536,0.2946041365404012,0.04058407298749245,0.34521346020929,0.0008341344254064191,0.9846428980694276,-0.008475288684734761,0.8440797170798502
tot_calcium_cons,-0.051801447423511594,0.22858642568720544,0.041265972641899754,0.3371621900194193,0.10783535543889466,0.012571375365761311,0.05997251468606443,0.16363410281449411
purch_calcium_cons,-0.05519991375685307,0.19945185761695292,0.03560683764178968,0.4076286509763636,0.10692352654560058,0.013343739922117924,0.05817121738458416,0.1766817527241665
own_calcium_cons,0.010032080204940733,0.8157439819313158,0.05114205739682616,0.2341395475869305,0.03453652200224629,0.4253340335450887,0.03439036695612611,0.42470482052374803
gift_calcium_cons,0.02956459260025861,0.49217649668332253,0.036543910719264425,0.39539131354929624,-0.004212399832339071,0.922563097812466,0.003401526979577455,0.937084539439844
tot_p_cons,-0.04400998307262476,0.3064393984636986,0.01786936994507445,0.6777963380690534,0.07107069879574217,0.10056885846451834,0.04625600391979836,0.28283451167479895
purch_p_cons,-0.05909088981368647,0.16953073958252032,-0.020341207823250045,0.6362454424635644,0.04865914377495492,0.2612156988990709,0.024723517556158075,0.5660950502303757
own_p_cons,0.0035077072925477916,0.9350647831803572,0.09932408689906433,0.020619574854145974,0.10095649027625274,0.01951008230227276,0.08834146796936766,0.03997232658741857
gift_p_cons,0.04178391806034621,0.3315755843910636,0.025065650933903734,0.5600047881784211,-0.02036566770390949,0.6383505763060733,-0.017079333294442833,0.6918356186382693
tot_mg_cons,-0.03310097766067064,0.4418624761336939,0.04434691361675811,0.3022999025889167,0.08452241739384188,0.05070901437351299,0.06439028522507256,0.13471406382682974
purch_mg_cons,-0.07293314659859743,0.08983129122237223,-0.042268566242104094,0.325544947420067,0.03726043236165911,0.3897233412384421,0.018706969085414204,0.664183455026288
own_mg_cons,0.001394326025774433,0.9741640455703988,0.09523600570747914,0.02647613853238425,0.10172827273318563,0.01859326792926597,0.08751292820040696,0.04188149968800172
gift_mg_cons,0.03683199341384759,0.3921126052513303,0.018760872273098857,0.6626890530485028,-0.021672954630307405,0.6169461354579326,-0.017980118251118875,0.6764785122243957
tot_k_cons,-0.023429395287245663,0.5862538570281279,0.02989404480470478,0.48696012507637865,0.06282853148079949,0.1467065957681897,0.03503381662337815,0.41608581886995344
purch_k_cons,-0.035080008966343404,0.41503835965266533,0.0021836918828486997,0.959510412184076,0.046575312629299655,0.2822162681962829,0.02129610891478959,0.621133018194965
own_k_cons,0.009283614078176194,0.8292711094244234,0.10437527516975272,0.014964600947883735,0.10427895029019814,0.01582533127123283,0.081427601162094,0.05839498888528725
gift_k_cons,0.03945596484111706,0.35924408759039195,0.027576214619906052,0.5213719534869298,-0.016585910777049344,0.7018960515415966,-0.012917974435577162,0.7643434789630974
tot_na_cons,0.00474913529066976,0.9121639449692533,0.022817774260563892,0.5957294220617102,0.043830414693685156,0.3115784414959914,-0.013213751134552684,0.759112444975889
purch_na_cons,-0.007482122571403433,0.8620298959323787,0.008242451007450921,0.8480326654848719,0.03934785972032412,0.3636977190633848,-0.013596160876404499,0.7523655313060488
own_na_cons,0.022804213818813184,0.5962882876983303,0.12216081298805863,0.004361497467773015,0.10985224309248358,0.011001665092984132,0.0862812806124869,0.044861414299343996
gift_na_cons,0.04424835464710485,0.3038244383979212,0.034517809382927145,0.42212961064797383,-0.002935057701134814,0.946001013875266,-0.013795461543927755,0.7488566669783185
tot_iron_cons,-0.019379203626755433,0.652590868848359,0.02161791609631072,0.6152129409067864,0.042945963287714904,0.3214526730862669,0.035556449964372974,0.40916153929282295
purch_iron_cons,-0.04322552584557704,0.31514968849819114,-0.04329329669954801,0.3139427742218041,0.0019739093607748386,0.9636689930368235,-0.0021513212029446657,0.9601839290593941
own_iron_cons,0.005334140981405518,0.9013962394668042,0.10013234992063258,0.01960561377474946,0.1021226540925277,0.018139456960134713,0.08728411476586637,0.04242211201458952
gift_iron_cons,0.03916909960377535,0.3627509887959448,0.020928220875859698,0.6265372825846851,-0.02640463369703122,0.5422469420150421,-0.017799808316013396,0.6795420689525168
tot_mfp_fe_cons,-0.004881404666029567,0.9097278950899856,-0.018766545976082953,0.6625933359675172,-0.009604892303754733,0.824588468269572,-0.01103333388726163,0.7979176248930776
purch_mfp_fe_cons,-0.009433855706488033,0.826551583146403,-0.02460278764583091,0.567275594026508,-0.01188863045374357,0.7838146373435644,-0.01173518493114046,0.7853671557621795
own_mfp_fe_cons,0.0394589612894712,0.35920756876761206,0.12492409707340395,0.003548372538109721,0.09228060348096294,0.032841197316078596,0.058200408025622694,0.17646432252067015
gift_mfp_fe_cons,0.09308986837294062,0.030241036124659098,0.03461671001744241,0.4208003809386599,-0.03521823557648467,0.41624842394930095,-0.04506800207484137,0.2953938842148712
tot_zinc_cons,-0.021719019329691207,0.6138887670302573,-0.011617958616994703,0.7870747858423164,0.015362672017213296,0.7229421529203273,0.008559842559902522,0.8425443707265738
purch_zinc_cons,-0.027929743033596386,0.5164322600168895,-0.03072024903578088,0.4749963973625597,0.002566597656424415,0.9527714483717482,-0.00277791431839466,0.9486013171318208
own_zinc_cons,0.0005879518530466361,0.989104073094481,0.09738519358650445,0.023239639482746918,0.10064572779232034,0.019890218810528375,0.08892844013398041,0.03866479276366803
gift_zinc_cons,0.04769238436433154,0.2676939897898319,0.028647570592023906,0.5053124275485923,-0.020368281752521478,0.6383074667515907,-0.019956581964098018,0.6432563221475892
tot_cu_cons,0.01627199342991982,0.7054477060797035,0.06800906369155883,0.11343222388623551,0.044370672172604,0.3056460434715121,0.03280159978094119,0.4464265725729414
purch_cu_cons,-0.005002907066818303,0.9074908892540081,0.029989969395778752,0.485562825311431,0.031077127480983374,0.47318405745460834,0.014964739362880253,0.7283769786754426
own_cu_cons,-0.0064859747503526665,0.8802500374225438,0.07589463659212814,0.07722859301710343,0.07459852719473553,0.0847375144918081,0.07260883139968428,0.09157268082195508
gift_cu_cons,0.026120468989639982,0.5439787089988071,0.02337735898583952,0.5867397635437492,-0.00635001326202755,0.8834997161837153,-0.00539455803808939,0.9003771642493374
tot_mn_cons,-0.010763101246787504,0.8025847600013185,0.015768636384502654,0.7139006414954179,0.020985358448729452,0.6281653359437785,0.018407576375492864,0.6692371614130271
purch_mn_cons,-0.016896067892744355,0.6947069664060346,-0.011903220799853599,0.7819768771932278,0.003565545650834226,0.9344251126636854,0.0012639005515714234,0.9766017259037273
own_mn_cons,-0.013432743708355184,0.7550265745295229,0.06428002817164653,0.13466095472553472,0.07473401817855023,0.08417208341507056,0.0661573443481669,0.12431645826055926
gift_mn_cons,0.02840301954961933,0.5093474192798881,0.03011146731347027,0.48379611878869344,-0.009531168459114699,0.825913271987071,-0.0029408189780883785,0.9455916887748184
tot_vita_A_cons,0.038583877837437136,0.3699712797700616,0.06545809712620093,0.1276468363377206,0.033136124944256405,0.4443560066192248,0.003055669582410653,0.94347031147729
purch_vita_A_cons,0.02979243903875747,0.4888450628570753,0.06319820209800142,0.14136034841143807,0.03653887480704337,0.39897596323301787,0.008247304220571669,0.8482224341312358
own_vita_A_cons,0.04789875156235307,0.2656267354240834,0.08399736232239284,0.05043164683859538,0.04706923533651447,0.27713823708402396,0.01714955107438696,0.6906338521902364
gift_vita_A_cons,0.014331720470845617,0.7392082315458157,-0.029365646940777927,0.4946957916992235,-0.03621212687480137,0.40320890506936136,-0.031660437964867026,0.4624101760166571
tot_a_vita_cons,-0.008009997852322022,0.8524037002326297,0.039660618708135906,0.3563099434432402,0.043386943366786807,0.3165042660510679,0.02744243162329986,0.5241650554790462
purch_a_vita_cons,-0.020707071105648855,0.6305039148753946,0.03974734983045367,0.35525831808193364,0.049900639103343934,0.249229286120353,0.031876743631698,0.4593562722236877
own_a_vita_cons,0.03958044649754046,0.35772894328067784,0.11894324096987335,0.0055179870454690975,0.08192730029673606,0.058260045020757024,0.05678087551161844,0.18726983295351748
gift_a_vita_cons,-0.0024077241686278734,0.9554018434709503,-0.0569476653194117,0.18516039769530201,-0.04483218671469248,0.30063784131145516,-0.032308664955461475,0.45329204533329637
tot_vitd_cons,-0.020940022359314886,0.6266621411868344,0.06953729929839986,0.10553145481643804,0.07591356717525767,0.07937722081719162,0.07060524066215512,0.1009042993823385
purch_vitd_cons,-0.03062583156662697,0.47676359758584763,0.07195001160116206,0.09395135983729846,0.08175311711150726,0.05879858214984181,0.07811287902672241,0.06945762768779634
own_vitd_cons,0.02086057439592741,0.6279712494742624,-0.009715795142866962,0.8212912085287547,-0.06679233919977505,0.12282562227631356,-0.0049560380648070584,0.9084383199102992
gift_vitd_cons,0.028618185865824087,0.5061432946896931,0.0014976112275503998,0.9722252860140798,-0.002118687378597582,0.9610063094201743,-0.016927651714347923,0.694434265163451
tot_vita_E_cons,0.015294897796553132,0.722381649543645,0.06358107304008746,0.13896074416780446,0.03911717935293134,0.36651932994886827,0.030365548509298464,0.48092627585232905
purch_vita_E_cons,0.005916869889986622,0.8906883951762459,0.03229129396544436,0.4526976829547753,0.017858674047487515,0.6802375188050607,0.008703974579128958,0.8399285708608718
own_vita_E_cons,-0.02296094093700507,0.5937654302645373,0.04892107514865108,0.25510755066029384,0.054358790177686994,0.20936628469657334,0.062398751088867034,0.14722210506182012
gift_vita_E_cons,0.03034322666865201,0.48084207688654856,0.036286435877150504,0.3987314472996836,0.010194994030486428,0.8140027046806781,0.00043468936054239036,0.991951690388093
tot_vita_C_cons,0.015308895534215041,0.7221380726266654,0.026408744006527728,0.5391657421948002,0.01590249126917409,0.713627547875993,0.0005305438562795054,0.9901770177802631
purch_vita_C_cons,0.011000420695121499,0.7983245178507723,0.01851845620881528,0.6667837994524426,0.011736793443941103,0.7865085689981497,-0.001813771644588522,0.9664271847309674
own_vita_C_cons,0.053404103772247885,0.2144909742496871,0.07557585793789913,0.07848335623335692,0.051010639253109516,0.2388417578028552,0.0015920716662683407,0.9705288482069913
gift_vita_C_cons,0.004159996155867507,0.9230240044716365,0.017242471208114833,0.688498042973218,-0.014236360714349954,0.7425076129386805,0.018529249933166965,0.667181510491649
tot_thia_cons,-0.03596457841532928,0.40336600927705923,0.04477098992857359,0.2976956038265472,0.0910780147175769,0.035196349306894435,0.06406306677414261,0.1367109864993494
purch_thia_cons,-0.05531180800773536,0.19854088325072597,-0.01746701969676948,0.6846575165499846,0.04631608546709604,0.28490641017354396,0.02440506709542522,0.5711091290636452
own_thia_cons,0.009128871244030161,0.8320742461020442,0.1064244046544034,0.013091327393892904,0.11060605462357487,0.010461159142279585,0.08734682829494438,0.04227335783447076
gift_thia_cons,0.026048939441026212,0.5450825461899631,0.007331120269403073,0.8646633153317395,-0.03239593860612109,0.45460259114529233,-0.01483343966810498,0.7306673648358045
tot_ribof_cons,-0.03420396170822927,0.4267921639842419,0.0453953236952681,0.2910025309807016,0.09660954555155453,0.025444421992754585,0.04788489456705581,0.26620868878617376
purch_ribof_cons,-0.05225636076724346,0.22452021386338597,0.021301090970921546,0.6204038718904002,0.08752612649287016,0.04300772594990084,0.03867619828902782,0.36927051240517694
own_ribof_cons,0.028721185320391047,0.50461324099081,0.08308409025081412,0.05299762126870898,0.06888787277500474,0.11148689726786538,0.0484728375574653,0.26037580387083775
gift_ribof_cons,0.009770608389437168,0.8204635952754273,-0.028312975493146698,0.5102999210266622,-0.04958391034855716,0.2522501788441259,-0.022497718090080793,0.601573337117679
tot_nia_cons,-0.015090513839475513,0.7259413529544648,0.018455540827288668,0.6678481544525663,0.0310754056937421,0.4732085859815517,0.029081361878726796,0.4996799267802574
purch_nia_cons,-0.03380121434699153,0.432260048459597,-0.03753277495298537,0.38272066999144394,-0.005177891236636748,0.9048906111919853,-0.002005737082620591,0.9628763504302941
own_nia_cons,-0.01288305895707109,0.7647499970082936,0.08334321780791186,0.052258742654173684,0.0902524927643201,0.036894997564674625,0.087356461913137,0.042250546283201525
gift_nia_cons,0.03791170680210247,0.3783733583098917,0.03563394575643961,0.407271511191449,0.0020822831994619703,0.9616757969025453,-0.0059510910354271685,0.890161459029604
tot_vita_B6_cons,-0.007065941783650958,0.8696337662694194,0.012589860029372266,0.7697445998291039,0.027863397633753284,0.5201594080207403,0.011916908180928092,0.7821264932828689
purch_vita_B6_cons,-0.01520779391742534,0.7238979881426912,-0.01354393261532014,0.7528430942289502,0.008792322075246247,0.8392169050733005,-0.004387083678507196,0.9189111131179349
own_vita_B6_cons,0.012394229526963963,0.7734281737713624,0.11263688929787773,0.008613589859350986,0.11430250529304468,0.008137306286662366,0.08872221774309061,0.03911998089690031
gift_vita_B6_cons,0.04258016280601166,0.32243598717309174,0.010504695117123462,0.8070551465353049,-0.041667542343774504,0.33608144340843094,-0.02611406389608544,0.5444509461542925
tot_fol_cons,0.008772822500595162,0.8385320375802287,0.0838303918889188,0.05089286313697126,0.08994735344411288,0.0375402564485504,0.04792009982317749,0.26585691907734493
purch_fol_cons,-0.015737267322007416,0.7146975938848376,0.037213124320720846,0.3867890508988414,0.06685438528288588,0.12247745974744535,0.02848914501634018,0.5084570350231785
own_fol_cons,0.0037077241558558004,0.931370913723724,0.08280254570548339,0.05381026613198831,0.08416733716314864,0.05169123794119417,0.06522164350406724,0.12974166054137476
gift_fol_cons,0.04110765970846656,0.3394677957386528,0.03843803446001121,0.37134156822641173,0.0025754901650146492,0.9526080069785271,-0.007190967587315366,0.8674700324406577
tot_vita_B12_cons,-0.011374568331970425,0.791620196059521,0.006094458832247531,0.8873254093867614,0.023508770328704087,0.5874310047768398,0.0072338730166575564,0.866686640227858
purch_vita_B12_cons,-0.01367745703126046,0.7507101371651578,0.007930473103933055,0.8537186696146676,0.026798218354619017,0.5362419252403097,0.009427777467012722,0.8268197378998026
own_vita_B12_cons,0.041348045937815645,0.33664873484650426,0.11542558304504234,0.007091964327516404,0.07333032424574915,0.09017981276540492,0.05415916538904475,0.2084931910741768
gift_vita_B12_cons,0.0007307826056973439,0.9864573615338987,-0.06197400321708687,0.14924620264007524,-0.05408685281422734,0.21165746606936656,-0.03961679462291325,0.3577332740133967
tot_pant_cons,-0.03603725038031065,0.4024158609887004,0.046599178522444676,0.27838368295100874,0.0925817541645718,0.0322729437404209,0.05589591150379632,0.19424829395443544
purch_pant_cons,-0.05423973520465265,0.20739447500388047,0.01277217983758067,0.7665060642724869,0.07799688295149633,0.07145100795381826,0.04221041782187207,0.32710823532476585
own_pant_cons,0.015601773504465002,0.717048131112046,0.11390696726878777,0.0078877663133695,0.09749945410745728,0.02411640820358188,0.08408985972704086,0.05060435793806692
gift_pant_cons,0.04364566509469417,0.31046465636880544,0.03665187331402971,0.393995784130279,-0.004998073881155073,0.9081787205553488,-0.009055031133894434,0.8335647996740387
hhae,-0.02741438189520762,0.5276855809110905,0.004282835467578674,0.9213461545890099,0.0239534002025734,0.5835988636909157,0.06653992967050135,0.12531504476252792
kcal_ae_req,-0.027414384245056215,0.5276855455147162,0.004282835210404623,0.9213461592967779,0.02395340925863999,0.583598721365436,0.06653992141556372,0.1253150917328275
kcal_ae,-0.006765765332407269,0.8761631702860898,0.09943139732894585,0.02156079817338947,0.10676232229401848,0.014295913376974754,0.06572139826219203,0.13004009179319337
gap_kcal_ae,0.0273231175261155,0.5255872334064804,0.05285370608495355,0.21883289088714622,0.03376056235849334,0.43581492934582944,-0.023071045716818825,0.5923394761234058
def_kcal_ae_hh,0.013385099585859678,0.7558678499985452,-0.0762875525541679,0.07570449376785932,-0.05983566307461137,0.16697039597710414,-0.06401824699982943,0.1369862734734521
tot_cal_per_hh,0.009062206941249778,0.833282516027573,0.05384126774054493,0.21033452960998278,0.051453567610938104,0.23478301512691124,0.024956920905549556,0.5624334907175328
ddi,0.024221504759129115,0.573653526721946,0.12134994675844057,0.004630195478978323,0.09534942910653012,0.027432574497033606,0.05178213317547808,0.2291920606527369
shannon_kcal,0.037864260210477056,0.378970830775623,0.03915374544350151,0.36249491307522896,-0.013490186348844482,0.7555624906321562,0.0035727274988057297,0.9339250287134773
simpson_kcal,0.051188541241475184,0.23414713924982544,0.06625073698795325,0.12308931735899858,0.019538442899492314,0.6520533338251915,-0.0026890978521818356,0.9502424929798146
hdds,0.08392765548580011,0.050837813095808745,0.1625831891053154,0.00014169658193656658,0.09167474201406474,0.03401033792449997,0.024228573709679378,0.5738971086371556
sh_cereals_kcal,-0.013983017908457835,0.7453313436052091,-0.015973210871628726,0.7103549246558415,0.013621338787466264,0.7532627126781722,0.005636673440457154,0.8959307762195807
sh_roots_kcal,0.034712998520442885,0.41993909650740013,-0.050009350502481786,0.24467598651007627,-0.08965123025636994,0.03817558005106341,-0.08200994676151871,0.056610939274760956
sh_veg_kcal,-0.030574131647998676,0.4775083023842034,-0.07393890460374655,0.08518964132731963,-0.06107580059884423,0.15833298990173814,-0.008351690805108178,0.8463250941383684
sh_fruits_kcal,0.0484747073787017,0.25991527928326874,0.022651877079119056,0.598406525933987,-0.016145302060039897,0.7094515786531215,-0.03630098743515403,0.3994162557652652
sh_meat_kcal,0.0455958044807714,0.2893213905367212,0.02554646298624012,0.5525000708790302,-0.004210959504680333,0.9225894924638054,-0.03380377366829552,0.4326521320358988
sh_eggs_kcal,0.027495045664028734,0.5229841754730156,-0.03062145715109502,0.4764184167368619,-0.06809386895797599,0.11568219159488335,-0.04359120638812962,0.31151818850397195
sh_fish_kcal,-0.0074649223979095574,0.8623439058899727,0.024893522414600494,0.562703371208875,0.03698802019746425,0.3932011212649592,0.03746308721611136,0.3844867746884423
sh_pulses_kcal,-0.06612718859361663,0.124139328696897,-0.04542966971059213,0.2906372817882964,-0.04059164232168193,0.34871862731880876,0.0460543616855615,0.2849404193254787
sh_milk_kcal,-0.0699303328636248,0.10389152828927564,0.027963455459625735,0.5155371712317546,0.10693576004192473,0.013333106774724704,0.06936959868834096,0.10702600409677941
sh_oil_kcal,0.037025298275082094,0.389630887584657,0.05488841746689993,0.2015863437410703,0.021390802717557514,0.6215392998697993,-0.009792959511148312,0.8202238864047593
sh_sugar_kcal,0.05881614659536489,0.17152659108215174,0.0616597588353657,0.15132347141738034,0.031295192969141024,0.47008314870385826,-0.015035251912265709,0.7271479567487656
sh_misc_kcal,0.00959185083341306,0.8236939476190588,0.02024922275782387,0.6377724320526144,0.01603449439780089,0.7113562279758834,-0.003824930868817945,0.9292725122832796
tot_val_prod,-0.007734561697139786,0.8574238410999593,0.02602817627129275,0.5450309796105415,-0.02046960924293881,0.6366373663791489,0.050109771904138595,0.24460286335756076
pdi_crop,0.07649892242498366,0.07516441702895328,0.002314672272013533,0.9570840701872578,-0.05252960401988326,0.22512638894013381,-0.06488842034939878,0.13171734979985142
pdi_animal,-0.03745033239076904,0.3842077510027512,0.035900970537800295,0.4037635086036552,0.031058448328890313,0.47345019733159066,0.08951412321606445,0.03739643669660036
pdi_total,0.03522360611022346,0.4131301006233481,0.020430845507739992,0.6347589017220384,-0.021434167120936785,0.6208324056872256,0.00025004080841679156,0.9953704212844914
pid,-0.06687513316096783,0.12027563353463451,-0.006509578681019904,0.879817535929668,0.062395558132355276,0.14989895244537554,0.08158867577408176,0.05813006086998144
stunted,1.0,0.0,0.4665612091109801,1.3533090242065736e-30,-0.326717282931599,8.968476101921444e-15,-0.6204559267038806,7.08530488386037e-59
underweight,0.4665612091109801,1.3533090242065736e-30,1.0,0.0,0.6192290080612672,5.9265054758711786e-58,0.27784449434127834,4.7844059487137355e-11
wasting,-0.326717282931599,8.968476101921444e-15,0.6192290080612672,5.9265054758711786e-58,1.0,0.0,0.9812385454234371,0.0
bmi,-0.6204559267038806,7.08530488386037e-59,0.27784449434127834,4.7844059487137355e-11,0.9812385454234371,0.0,1.0,0.0
wa_m,-0.3243049809199826,9.7157455761163e-15,-0.6079804789076801,3.4560313929376394e-56,-0.35336023303466557,3.530582366435958e-17,-0.08554317850381966,0.046731233205687304
wa_s,-0.0941965312346929,0.028322225766464603,-0.42622937397180655,2.233087449487742e-25,-0.3598956533278355,8.355492168904182e-18,-0.212191758925332,6.329956981094882e-07
ha_m,-0.49145668426379624,2.660704399932285e-34,-0.41216768718331415,1.1054476338415947e-23,0.12258128914665477,0.004519890516037343,0.052154446446102905,0.22585708759877124
ha_s,-0.43103317330530977,6.258678468152463e-26,-0.31880335594503534,2.71473346981743e-14,0.150758075987861,0.00046717185332935965,0.09373658929178848,0.02925625312374816
wh_m,0.13855839945200663,0.0012210034070139638,-0.22726333215364544,8.6136075852056e-08,-0.38115752824011384,6.074818420424419e-20,-0.24366855112348895,9.398831634574606e-09
wh_s,0.13694059420400317,0.0013944055985492065,-0.11986355304655437,0.0051618418281790535,-0.26113647703909304,8.639836278438659e-10,-0.17011616792188197,6.988675937704085e-05
