,hhid,def_rec_count,def_rec_pct,def_req_count,def_req_pct
0,2081111300.0,0,0.0,1,0.07142857142857142
1,2081111301.0,4,0.2857142857142857,7,0.5
2,2081111302.0,0,0.0,0,0.0
3,2081111305.0,7,0.5,8,0.5714285714285714
4,2081111306.0,4,0.2857142857142857,5,0.35714285714285715
5,2081111371.0,0,0.0,0,0.0
6,2081111373.0,1,0.07142857142857142,1,0.07142857142857142
7,2081111401.0,0,0.0,1,0.07142857142857142
8,2081111403.0,1,0.07142857142857142,3,0.21428571428571427
9,2081111449.0,0,0.0,1,0.07142857142857142
10,2081111450.0,6,0.42857142857142855,7,0.5
11,2081111451.0,9,0.6428571428571429,12,0.8571428571428571
12,2081111452.0,3,0.21428571428571427,4,0.2857142857142857
13,2081111453.0,4,0.2857142857142857,5,0.35714285714285715
14,2081111454.0,2,0.14285714285714285,4,0.2857142857142857
15,2081111455.0,0,0.0,0,0.0
16,2081111456.0,9,0.6428571428571429,12,0.8571428571428571
17,2081111457.0,0,0.0,0,0.0
18,2081111458.0,0,0.0,1,0.07142857142857142
19,2081111460.0,0,0.0,0,0.0
20,2081111461.0,5,0.35714285714285715,7,0.5
21,2081111462.0,3,0.21428571428571427,3,0.21428571428571427
22,2081111463.0,3,0.21428571428571427,6,0.42857142857142855
23,2081111464.0,1,0.07142857142857142,1,0.07142857142857142
24,2081111465.0,0,0.0,1,0.07142857142857142
25,2081111466.0,2,0.14285714285714285,3,0.21428571428571427
26,2081111467.0,0,0.0,2,0.14285714285714285
27,2081111468.0,3,0.21428571428571427,3,0.21428571428571427
28,2081111469.0,9,0.6428571428571429,9,0.6428571428571429
29,2081111470.0,1,0.07142857142857142,1,0.07142857142857142
30,2081111472.0,0,0.0,0,0.0
31,2081112300.0,6,0.42857142857142855,8,0.5714285714285714
32,2081112301.0,6,0.42857142857142855,8,0.5714285714285714
33,2081112302.0,0,0.0,0,0.0
34,2081112303.0,5,0.35714285714285715,6,0.42857142857142855
35,2081112304.0,7,0.5,8,0.5714285714285714
36,2081112305.0,10,0.7142857142857143,13,0.9285714285714286
37,2081112318.0,1,0.07142857142857142,3,0.21428571428571427
38,2081112400.0,1,0.07142857142857142,1,0.07142857142857142
39,2081112402.0,0,0.0,0,0.0
40,2081112403.0,10,0.7142857142857143,12,0.8571428571428571
41,2081112404.0,5,0.35714285714285715,7,0.5
42,2081112405.0,0,0.0,0,0.0
43,2081112406.0,1,0.07142857142857142,2,0.14285714285714285
44,2081112407.0,1,0.07142857142857142,3,0.21428571428571427
45,2081112408.0,4,0.2857142857142857,7,0.5
46,2081112409.0,1,0.07142857142857142,2,0.14285714285714285
47,2081112410.0,1,0.07142857142857142,1,0.07142857142857142
48,2081112411.0,12,0.8571428571428571,13,0.9285714285714286
49,2081112412.0,5,0.35714285714285715,6,0.42857142857142855
50,2081112413.0,10,0.7142857142857143,12,0.8571428571428571
51,2081112414.0,7,0.5,7,0.5
52,2081112415.0,7,0.5,10,0.7142857142857143
53,2081112416.0,1,0.07142857142857142,2,0.14285714285714285
54,2081112417.0,6,0.42857142857142855,7,0.5
55,2081112419.0,4,0.2857142857142857,6,0.42857142857142855
56,2081112421.0,8,0.5714285714285714,10,0.7142857142857143
57,2081112422.0,1,0.07142857142857142,2,0.14285714285714285
58,2081112423.0,0,0.0,0,0.0
59,2081112424.0,6,0.42857142857142855,8,0.5714285714285714
60,2081112425.0,3,0.21428571428571427,3,0.21428571428571427
61,2081112426.0,1,0.07142857142857142,2,0.14285714285714285
62,2081112427.0,12,0.8571428571428571,12,0.8571428571428571
63,2081112428.0,5,0.35714285714285715,7,0.5
64,2081112429.0,0,0.0,0,0.0
65,2081112430.0,4,0.2857142857142857,5,0.35714285714285715
66,2081112431.0,1,0.07142857142857142,2,0.14285714285714285
67,2081113300.0,12,0.8571428571428571,13,0.9285714285714286
68,2081113302.0,9,0.6428571428571429,11,0.7857142857142857
69,2081113303.0,0,0.0,0,0.0
70,2081113304.0,4,0.2857142857142857,5,0.35714285714285715
71,2081113305.0,1,0.07142857142857142,5,0.35714285714285715
72,2081113334.0,4,0.2857142857142857,5,0.35714285714285715
73,2081113395.0,1,0.07142857142857142,2,0.14285714285714285
74,2081113402.0,4,0.2857142857142857,5,0.35714285714285715
75,2081113432.0,8,0.5714285714285714,10,0.7142857142857143
76,2081113433.0,6,0.42857142857142855,8,0.5714285714285714
77,2081113435.0,5,0.35714285714285715,5,0.35714285714285715
78,2081113436.0,11,0.7857142857142857,13,0.9285714285714286
79,2081113437.0,4,0.2857142857142857,8,0.5714285714285714
80,2081113438.0,6,0.42857142857142855,9,0.6428571428571429
81,2081113439.0,7,0.5,8,0.5714285714285714
82,2081113440.0,7,0.5,8,0.5714285714285714
83,2081113441.0,0,0.0,0,0.0
84,2081113442.0,0,0.0,0,0.0
85,2081113443.0,1,0.07142857142857142,2,0.14285714285714285
86,2081113444.0,11,0.7857142857142857,11,0.7857142857142857
87,2081113445.0,3,0.21428571428571427,4,0.2857142857142857
88,2081113446.0,1,0.07142857142857142,1,0.07142857142857142
89,2081113447.0,10,0.7142857142857143,12,0.8571428571428571
90,2081113493.0,8,0.5714285714285714,11,0.7857142857142857
91,2081113494.0,11,0.7857142857142857,12,0.8571428571428571
92,2081113496.0,0,0.0,0,0.0
93,2081113497.0,5,0.35714285714285715,6,0.42857142857142855
94,2081113498.0,6,0.42857142857142855,8,0.5714285714285714
95,2081113499.0,0,0.0,2,0.14285714285714285
96,2081113500.0,7,0.5,9,0.6428571428571429
97,2081113501.0,2,0.14285714285714285,4,0.2857142857142857
98,2081113502.0,1,0.07142857142857142,1,0.07142857142857142
99,2081113503.0,2,0.14285714285714285,5,0.35714285714285715
100,2081114300.0,2,0.14285714285714285,3,0.21428571428571427
101,2081114301.0,7,0.5,9,0.6428571428571429
102,2081114302.0,0,0.0,1,0.07142857142857142
103,2081114304.0,5,0.35714285714285715,8,0.5714285714285714
104,2081114306.0,2,0.14285714285714285,5,0.35714285714285715
105,2081114379.0,0,0.0,1,0.07142857142857142
106,2081114403.0,0,0.0,0,0.0
107,2081114474.0,4,0.2857142857142857,6,0.42857142857142855
108,2081114475.0,11,0.7857142857142857,12,0.8571428571428571
109,2081114476.0,1,0.07142857142857142,3,0.21428571428571427
110,2081114477.0,3,0.21428571428571427,4,0.2857142857142857
111,2081114478.0,8,0.5714285714285714,11,0.7857142857142857
112,2081114480.0,8,0.5714285714285714,10,0.7142857142857143
113,2081114481.0,4,0.2857142857142857,6,0.42857142857142855
114,2081114482.0,8,0.5714285714285714,10,0.7142857142857143
115,2081114483.0,2,0.14285714285714285,2,0.14285714285714285
116,2081114484.0,2,0.14285714285714285,5,0.35714285714285715
117,2081114485.0,0,0.0,0,0.0
118,2081114486.0,4,0.2857142857142857,5,0.35714285714285715
119,2081114487.0,0,0.0,1,0.07142857142857142
120,2081114488.0,1,0.07142857142857142,3,0.21428571428571427
121,2081114489.0,3,0.21428571428571427,6,0.42857142857142855
122,2081114491.0,9,0.6428571428571429,11,0.7857142857142857
123,2081114492.0,5,0.35714285714285715,8,0.5714285714285714
124,2082215300.0,3,0.21428571428571427,6,0.42857142857142855
125,2082215301.0,0,0.0,1,0.07142857142857142
126,2082215302.0,2,0.14285714285714285,3,0.21428571428571427
127,2082215303.0,3,0.21428571428571427,5,0.35714285714285715
128,2082215304.0,1,0.07142857142857142,1,0.07142857142857142
129,2082215305.0,0,0.0,1,0.07142857142857142
130,2082215306.0,8,0.5714285714285714,8,0.5714285714285714
131,2082215307.0,6,0.42857142857142855,7,0.5
132,2082215308.0,1,0.07142857142857142,2,0.14285714285714285
133,2082215309.0,12,0.8571428571428571,12,0.8571428571428571
134,2082215310.0,6,0.42857142857142855,6,0.42857142857142855
135,2082215312.0,0,0.0,0,0.0
136,2082215313.0,1,0.07142857142857142,2,0.14285714285714285
137,2082215314.0,3,0.21428571428571427,3,0.21428571428571427
138,2082215315.0,5,0.35714285714285715,5,0.35714285714285715
139,2082215316.0,3,0.21428571428571427,5,0.35714285714285715
140,2082215317.0,5,0.35714285714285715,6,0.42857142857142855
141,2082215318.0,0,0.0,0,0.0
142,2082215400.0,1,0.07142857142857142,2,0.14285714285714285
143,2082215401.0,0,0.0,0,0.0
144,2082215402.0,3,0.21428571428571427,3,0.21428571428571427
145,2082216300.0,6,0.42857142857142855,7,0.5
146,2082216302.0,1,0.07142857142857142,2,0.14285714285714285
147,2082216305.0,0,0.0,0,0.0
148,2082216306.0,2,0.14285714285714285,3,0.21428571428571427
149,2082216307.0,0,0.0,0,0.0
150,2082216308.0,5,0.35714285714285715,8,0.5714285714285714
151,2082216309.0,0,0.0,0,0.0
152,2082216310.0,5,0.35714285714285715,6,0.42857142857142855
153,2082216311.0,3,0.21428571428571427,3,0.21428571428571427
154,2082216312.0,7,0.5,10,0.7142857142857143
155,2082216313.0,0,0.0,0,0.0
156,2082216314.0,0,0.0,1,0.07142857142857142
157,2082216315.0,2,0.14285714285714285,5,0.35714285714285715
158,2082216316.0,7,0.5,10,0.7142857142857143
159,2082216317.0,7,0.5,11,0.7857142857142857
160,2082216403.0,1,0.07142857142857142,3,0.21428571428571427
161,2082216404.0,0,0.0,0,0.0
162,2082216405.0,4,0.2857142857142857,6,0.42857142857142855
163,2082216406.0,0,0.0,0,0.0
164,2082216407.0,2,0.14285714285714285,4,0.2857142857142857
165,2082216409.0,0,0.0,1,0.07142857142857142
166,2082216410.0,6,0.42857142857142855,8,0.5714285714285714
167,2082216411.0,6,0.42857142857142855,8,0.5714285714285714
168,2082216413.0,1,0.07142857142857142,2,0.14285714285714285
169,2082216416.0,4,0.2857142857142857,5,0.35714285714285715
170,2082216418.0,0,0.0,0,0.0
171,2082216419.0,11,0.7857142857142857,12,0.8571428571428571
172,2082216420.0,4,0.2857142857142857,7,0.5
173,2082216421.0,4,0.2857142857142857,7,0.5
174,2082216422.0,1,0.07142857142857142,4,0.2857142857142857
175,2082216423.0,0,0.0,1,0.07142857142857142
176,2082216424.0,0,0.0,0,0.0
177,2082216425.0,1,0.07142857142857142,1,0.07142857142857142
178,2082216426.0,11,0.7857142857142857,12,0.8571428571428571
179,2082216427.0,0,0.0,0,0.0
180,2082216428.0,4,0.2857142857142857,7,0.5
181,2082216429.0,2,0.14285714285714285,3,0.21428571428571427
182,2082217305.0,2,0.14285714285714285,3,0.21428571428571427
183,2082217307.0,0,0.0,0,0.0
184,2082217308.0,11,0.7857142857142857,13,0.9285714285714286
185,2082217309.0,1,0.07142857142857142,2,0.14285714285714285
186,2082217310.0,4,0.2857142857142857,5,0.35714285714285715
187,2082217311.0,9,0.6428571428571429,10,0.7142857142857143
188,2082217315.0,6,0.42857142857142855,6,0.42857142857142855
189,2082217317.0,8,0.5714285714285714,9,0.6428571428571429
190,2082217318.0,3,0.21428571428571427,3,0.21428571428571427
191,2082217319.0,0,0.0,0,0.0
192,2082217320.0,1,0.07142857142857142,3,0.21428571428571427
193,2082217321.0,3,0.21428571428571427,4,0.2857142857142857
194,2082217428.0,5,0.35714285714285715,7,0.5
195,2082217429.0,8,0.5714285714285714,11,0.7857142857142857
196,2082217430.0,3,0.21428571428571427,3,0.21428571428571427
197,2082217431.0,3,0.21428571428571427,5,0.35714285714285715
198,2082217432.0,6,0.42857142857142855,7,0.5
199,2082217433.0,1,0.07142857142857142,3,0.21428571428571427
200,2082217434.0,1,0.07142857142857142,2,0.14285714285714285
201,2082217435.0,7,0.5,7,0.5
202,2082217436.0,0,0.0,0,0.0
203,2082217437.0,1,0.07142857142857142,1,0.07142857142857142
204,2082217438.0,0,0.0,1,0.07142857142857142
205,2082217439.0,11,0.7857142857142857,13,0.9285714285714286
206,2082217440.0,0,0.0,0,0.0
207,2082217441.0,0,0.0,1,0.07142857142857142
208,2082217442.0,10,0.7142857142857143,13,0.9285714285714286
209,2082217443.0,12,0.8571428571428571,13,0.9285714285714286
210,2082217444.0,0,0.0,0,0.0
211,2082217445.0,2,0.14285714285714285,2,0.14285714285714285
212,2082217446.0,5,0.35714285714285715,5,0.35714285714285715
213,2082217447.0,0,0.0,0,0.0
214,2082217448.0,1,0.07142857142857142,1,0.07142857142857142
215,2082217449.0,5,0.35714285714285715,6,0.42857142857142855
216,2082217450.0,1,0.07142857142857142,1,0.07142857142857142
217,2082217451.0,0,0.0,0,0.0
218,2082217452.0,1,0.07142857142857142,4,0.2857142857142857
219,2082217453.0,1,0.07142857142857142,1,0.07142857142857142
220,2082217454.0,1,0.07142857142857142,4,0.2857142857142857
221,2082217456.0,9,0.6428571428571429,10,0.7142857142857143
222,2082217457.0,2,0.14285714285714285,3,0.21428571428571427
223,2082217458.0,3,0.21428571428571427,4,0.2857142857142857
224,2082217459.0,3,0.21428571428571427,3,0.21428571428571427
225,2082218300.0,0,0.0,0,0.0
226,2082218301.0,1,0.07142857142857142,1,0.07142857142857142
227,2082218302.0,4,0.2857142857142857,5,0.35714285714285715
228,2082218303.0,1,0.07142857142857142,2,0.14285714285714285
229,2082218304.0,2,0.14285714285714285,5,0.35714285714285715
230,2082218306.0,2,0.14285714285714285,4,0.2857142857142857
231,2082218308.0,6,0.42857142857142855,9,0.6428571428571429
232,2082218309.0,0,0.0,0,0.0
233,2082218310.0,2,0.14285714285714285,5,0.35714285714285715
234,2082218311.0,1,0.07142857142857142,1,0.07142857142857142
235,2082218312.0,7,0.5,8,0.5714285714285714
236,2082218313.0,8,0.5714285714285714,9,0.6428571428571429
237,2082218314.0,1,0.07142857142857142,2,0.14285714285714285
238,2082218315.0,0,0.0,0,0.0
239,2082218316.0,3,0.21428571428571427,5,0.35714285714285715
240,2082218317.0,2,0.14285714285714285,2,0.14285714285714285
241,2082218318.0,0,0.0,0,0.0
242,2082218320.0,1,0.07142857142857142,1,0.07142857142857142
243,2082218460.0,5,0.35714285714285715,7,0.5
244,2082218461.0,2,0.14285714285714285,5,0.35714285714285715
245,2082218462.0,3,0.21428571428571427,3,0.21428571428571427
246,2082218463.0,11,0.7857142857142857,12,0.8571428571428571
247,2082218464.0,1,0.07142857142857142,1,0.07142857142857142
248,2082218465.0,0,0.0,0,0.0
249,2082218466.0,2,0.14285714285714285,5,0.35714285714285715
250,2082218468.0,7,0.5,8,0.5714285714285714
251,2082218469.0,1,0.07142857142857142,1,0.07142857142857142
252,2082218470.0,5,0.35714285714285715,10,0.7142857142857143
253,2082218471.0,7,0.5,9,0.6428571428571429
254,2082218472.0,6,0.42857142857142855,8,0.5714285714285714
255,2082218473.0,3,0.21428571428571427,5,0.35714285714285715
256,2082219300.0,0,0.0,0,0.0
257,2082219301.0,0,0.0,0,0.0
258,2082219302.0,2,0.14285714285714285,3,0.21428571428571427
259,2082219303.0,1,0.07142857142857142,2,0.14285714285714285
260,2082219304.0,10,0.7142857142857143,12,0.8571428571428571
261,2082219305.0,2,0.14285714285714285,3,0.21428571428571427
262,2082219306.0,1,0.07142857142857142,1,0.07142857142857142
263,2082219307.0,0,0.0,0,0.0
264,2082219308.0,2,0.14285714285714285,2,0.14285714285714285
265,2082219309.0,4,0.2857142857142857,6,0.42857142857142855
266,2082219310.0,1,0.07142857142857142,1,0.07142857142857142
267,2082219312.0,6,0.42857142857142855,8,0.5714285714285714
268,2082219314.0,2,0.14285714285714285,2,0.14285714285714285
269,2082219315.0,1,0.07142857142857142,3,0.21428571428571427
270,2082219316.0,0,0.0,0,0.0
271,2082219317.0,11,0.7857142857142857,11,0.7857142857142857
272,2082219318.0,1,0.07142857142857142,1,0.07142857142857142
273,2082219320.0,4,0.2857142857142857,5,0.35714285714285715
274,2082219474.0,0,0.0,0,0.0
275,2082219475.0,0,0.0,0,0.0
276,2085740300.0,0,0.0,0,0.0
277,2085740301.0,5,0.35714285714285715,6,0.42857142857142855
278,2085740302.0,1,0.07142857142857142,3,0.21428571428571427
279,2085740304.0,1,0.07142857142857142,1,0.07142857142857142
280,2085740305.0,0,0.0,0,0.0
281,2085740306.0,3,0.21428571428571427,3,0.21428571428571427
282,2085740307.0,3,0.21428571428571427,3,0.21428571428571427
283,2085740308.0,0,0.0,0,0.0
284,2085740309.0,1,0.07142857142857142,1,0.07142857142857142
285,2085740310.0,9,0.6428571428571429,12,0.8571428571428571
286,2085740311.0,3,0.21428571428571427,5,0.35714285714285715
287,2085740314.0,6,0.42857142857142855,7,0.5
288,2085740315.0,0,0.0,0,0.0
289,2085740316.0,3,0.21428571428571427,3,0.21428571428571427
290,2085740317.0,2,0.14285714285714285,3,0.21428571428571427
291,2085740318.0,2,0.14285714285714285,3,0.21428571428571427
292,2085740319.0,4,0.2857142857142857,5,0.35714285714285715
293,2085740322.0,0,0.0,0,0.0
294,2085740329.0,8,0.5714285714285714,11,0.7857142857142857
295,2085740331.0,0,0.0,0,0.0
296,2085741300.0,2,0.14285714285714285,4,0.2857142857142857
297,2085741301.0,6,0.42857142857142855,6,0.42857142857142855
298,2085741302.0,2,0.14285714285714285,4,0.2857142857142857
299,2085741303.0,14,1.0,14,1.0
300,2085741304.0,1,0.07142857142857142,4,0.2857142857142857
301,2085741305.0,1,0.07142857142857142,1,0.07142857142857142
302,2085741307.0,0,0.0,0,0.0
303,2085741308.0,1,0.07142857142857142,1,0.07142857142857142
304,2085741309.0,0,0.0,0,0.0
305,2085741310.0,1,0.07142857142857142,1,0.07142857142857142
306,2085741312.0,0,0.0,1,0.07142857142857142
307,2085741313.0,8,0.5714285714285714,9,0.6428571428571429
308,2085741314.0,1,0.07142857142857142,2,0.14285714285714285
309,2085741316.0,11,0.7857142857142857,12,0.8571428571428571
310,2085741317.0,0,0.0,1,0.07142857142857142
311,2085741319.0,5,0.35714285714285715,7,0.5
312,2085741320.0,5,0.35714285714285715,6,0.42857142857142855
313,2085741321.0,0,0.0,1,0.07142857142857142
314,2085741322.0,7,0.5,7,0.5
315,2085741323.0,13,0.9285714285714286,13,0.9285714285714286
316,2085742300.0,0,0.0,0,0.0
317,2085742301.0,1,0.07142857142857142,1,0.07142857142857142
318,2085742302.0,6,0.42857142857142855,7,0.5
319,2085742303.0,2,0.14285714285714285,2,0.14285714285714285
320,2085742306.0,0,0.0,1,0.07142857142857142
321,2085742307.0,8,0.5714285714285714,10,0.7142857142857143
322,2085742308.0,0,0.0,0,0.0
323,2085742310.0,8,0.5714285714285714,9,0.6428571428571429
324,2085742311.0,0,0.0,0,0.0
325,2085742312.0,1,0.07142857142857142,1,0.07142857142857142
326,2085742313.0,6,0.42857142857142855,8,0.5714285714285714
327,2085742314.0,2,0.14285714285714285,3,0.21428571428571427
328,2085742315.0,2,0.14285714285714285,4,0.2857142857142857
329,2085742316.0,1,0.07142857142857142,1,0.07142857142857142
330,2085742317.0,5,0.35714285714285715,6,0.42857142857142855
331,2085742318.0,2,0.14285714285714285,3,0.21428571428571427
332,2085742319.0,0,0.0,0,0.0
333,2085742321.0,5,0.35714285714285715,6,0.42857142857142855
334,2085742322.0,0,0.0,0,0.0
335,2085742324.0,5,0.35714285714285715,8,0.5714285714285714
336,2085743300.0,1,0.07142857142857142,3,0.21428571428571427
337,2085743301.0,5,0.35714285714285715,6,0.42857142857142855
338,2085743302.0,2,0.14285714285714285,4,0.2857142857142857
339,2085743303.0,0,0.0,1,0.07142857142857142
340,2085743305.0,2,0.14285714285714285,2,0.14285714285714285
341,2085743307.0,0,0.0,0,0.0
342,2085743308.0,0,0.0,0,0.0
343,2085743309.0,6,0.42857142857142855,8,0.5714285714285714
344,2085743310.0,6,0.42857142857142855,9,0.6428571428571429
345,2085743312.0,5,0.35714285714285715,5,0.35714285714285715
346,2085743313.0,2,0.14285714285714285,6,0.42857142857142855
347,2085743314.0,5,0.35714285714285715,7,0.5
348,2085743316.0,7,0.5,10,0.7142857142857143
349,2085743317.0,1,0.07142857142857142,1,0.07142857142857142
350,2085743319.0,0,0.0,0,0.0
351,2085743320.0,0,0.0,0,0.0
352,2085743321.0,1,0.07142857142857142,1,0.07142857142857142
353,2085743322.0,7,0.5,9,0.6428571428571429
354,2085743323.0,0,0.0,0,0.0
355,2085743324.0,0,0.0,0,0.0
356,2085744300.0,6,0.42857142857142855,9,0.6428571428571429
357,2085744302.0,9,0.6428571428571429,10,0.7142857142857143
358,2085744303.0,0,0.0,0,0.0
359,2085744305.0,1,0.07142857142857142,1,0.07142857142857142
360,2085744307.0,1,0.07142857142857142,1,0.07142857142857142
361,2085744308.0,4,0.2857142857142857,5,0.35714285714285715
362,2085744309.0,8,0.5714285714285714,9,0.6428571428571429
363,2085744311.0,8,0.5714285714285714,10,0.7142857142857143
364,2085744313.0,0,0.0,0,0.0
365,2085744314.0,12,0.8571428571428571,12,0.8571428571428571
366,2085744315.0,5,0.35714285714285715,7,0.5
367,2085744316.0,4,0.2857142857142857,6,0.42857142857142855
368,2085744317.0,0,0.0,2,0.14285714285714285
369,2085744318.0,7,0.5,8,0.5714285714285714
370,2085744319.0,3,0.21428571428571427,4,0.2857142857142857
371,2085744320.0,0,0.0,0,0.0
372,2085744324.0,6,0.42857142857142855,9,0.6428571428571429
373,2085744326.0,7,0.5,7,0.5
374,2085745300.0,0,0.0,0,0.0
375,2085745301.0,10,0.7142857142857143,11,0.7857142857142857
376,2085745302.0,0,0.0,0,0.0
377,2085745303.0,7,0.5,9,0.6428571428571429
378,2085745304.0,0,0.0,0,0.0
379,2085745305.0,0,0.0,1,0.07142857142857142
380,2085745306.0,1,0.07142857142857142,3,0.21428571428571427
381,2085745311.0,1,0.07142857142857142,3,0.21428571428571427
382,2085745312.0,2,0.14285714285714285,3,0.21428571428571427
383,2085745314.0,0,0.0,1,0.07142857142857142
384,2085745315.0,0,0.0,0,0.0
385,2085745316.0,1,0.07142857142857142,3,0.21428571428571427
386,2085745317.0,7,0.5,9,0.6428571428571429
387,2085745318.0,7,0.5,7,0.5
388,2085745319.0,4,0.2857142857142857,4,0.2857142857142857
389,2085745320.0,7,0.5,11,0.7857142857142857
390,2085745321.0,1,0.07142857142857142,1,0.07142857142857142
391,2085745323.0,5,0.35714285714285715,7,0.5
392,2085745324.0,12,0.8571428571428571,13,0.9285714285714286
393,2085746300.0,6,0.42857142857142855,8,0.5714285714285714
394,2085746301.0,8,0.5714285714285714,10,0.7142857142857143
395,2085746303.0,4,0.2857142857142857,6,0.42857142857142855
396,2085746305.0,5,0.35714285714285715,5,0.35714285714285715
397,2085746306.0,0,0.0,0,0.0
398,2085746307.0,0,0.0,1,0.07142857142857142
399,2085746309.0,14,1.0,14,1.0
400,2085746310.0,4,0.2857142857142857,6,0.42857142857142855
401,2085746311.0,3,0.21428571428571427,6,0.42857142857142855
402,2085746312.0,0,0.0,0,0.0
403,2085746314.0,0,0.0,0,0.0
404,2085746315.0,3,0.21428571428571427,6,0.42857142857142855
405,2085746316.0,1,0.07142857142857142,2,0.14285714285714285
406,2085746317.0,8,0.5714285714285714,9,0.6428571428571429
407,2085746318.0,12,0.8571428571428571,12,0.8571428571428571
408,2085746322.0,5,0.35714285714285715,7,0.5
409,2085746323.0,6,0.42857142857142855,8,0.5714285714285714
410,2085746325.0,1,0.07142857142857142,4,0.2857142857142857
411,2085746329.0,0,0.0,0,0.0
412,2085746332.0,0,0.0,1,0.07142857142857142
413,2085746334.0,3,0.21428571428571427,5,0.35714285714285715
414,2085747300.0,1,0.07142857142857142,3,0.21428571428571427
415,2085747301.0,8,0.5714285714285714,9,0.6428571428571429
416,2085747302.0,1,0.07142857142857142,2,0.14285714285714285
417,2085747303.0,2,0.14285714285714285,3,0.21428571428571427
418,2085747305.0,3,0.21428571428571427,3,0.21428571428571427
419,2085747306.0,1,0.07142857142857142,1,0.07142857142857142
420,2085747307.0,0,0.0,0,0.0
421,2085747308.0,0,0.0,0,0.0
422,2085747309.0,2,0.14285714285714285,3,0.21428571428571427
423,2085747310.0,1,0.07142857142857142,1,0.07142857142857142
424,2085747311.0,0,0.0,0,0.0
425,2085747312.0,9,0.6428571428571429,11,0.7857142857142857
426,2085747313.0,3,0.21428571428571427,3,0.21428571428571427
427,2085747314.0,1,0.07142857142857142,2,0.14285714285714285
428,2085747316.0,7,0.5,9,0.6428571428571429
429,2085747317.0,1,0.07142857142857142,2,0.14285714285714285
430,2085747318.0,0,0.0,0,0.0
431,2085747319.0,0,0.0,0,0.0
432,2085747320.0,1,0.07142857142857142,1,0.07142857142857142
433,2085747329.0,0,0.0,0,0.0
434,2085747330.0,1,0.07142857142857142,2,0.14285714285714285
435,2086661300.0,5,0.35714285714285715,7,0.5
436,2086661301.0,5,0.35714285714285715,7,0.5
437,2086661303.0,10,0.7142857142857143,12,0.8571428571428571
438,2086661304.0,1,0.07142857142857142,1,0.07142857142857142
439,2086661305.0,6,0.42857142857142855,8,0.5714285714285714
440,2086661307.0,6,0.42857142857142855,8,0.5714285714285714
441,2086661308.0,6,0.42857142857142855,8,0.5714285714285714
442,2086661309.0,1,0.07142857142857142,1,0.07142857142857142
443,2086661310.0,4,0.2857142857142857,7,0.5
444,2086661311.0,9,0.6428571428571429,11,0.7857142857142857
445,2086661312.0,0,0.0,0,0.0
446,2086661313.0,4,0.2857142857142857,5,0.35714285714285715
447,2086661314.0,1,0.07142857142857142,1,0.07142857142857142
448,2086661315.0,2,0.14285714285714285,3,0.21428571428571427
449,2086661317.0,5,0.35714285714285715,7,0.5
450,2086661318.0,3,0.21428571428571427,4,0.2857142857142857
451,2086661319.0,6,0.42857142857142855,7,0.5
452,2086661320.0,1,0.07142857142857142,1,0.07142857142857142
453,2086661321.0,6,0.42857142857142855,9,0.6428571428571429
454,2086661404.0,1,0.07142857142857142,1,0.07142857142857142
455,2086661506.0,2,0.14285714285714285,2,0.14285714285714285
456,2086662300.0,4,0.2857142857142857,5,0.35714285714285715
457,2086662301.0,1,0.07142857142857142,1,0.07142857142857142
458,2086662302.0,7,0.5,10,0.7142857142857143
459,2086662303.0,7,0.5,7,0.5
460,2086662304.0,7,0.5,9,0.6428571428571429
461,2086662305.0,7,0.5,8,0.5714285714285714
462,2086662307.0,2,0.14285714285714285,3,0.21428571428571427
463,2086662308.0,8,0.5714285714285714,9,0.6428571428571429
464,2086662309.0,5,0.35714285714285715,5,0.35714285714285715
465,2086662310.0,0,0.0,0,0.0
466,2086662311.0,1,0.07142857142857142,1,0.07142857142857142
467,2086662313.0,4,0.2857142857142857,6,0.42857142857142855
468,2086662314.0,4,0.2857142857142857,4,0.2857142857142857
469,2086662315.0,0,0.0,2,0.14285714285714285
470,2086662316.0,4,0.2857142857142857,5,0.35714285714285715
471,2086662317.0,6,0.42857142857142855,7,0.5
472,2086662318.0,4,0.2857142857142857,6,0.42857142857142855
473,2086662319.0,7,0.5,9,0.6428571428571429
474,2086662320.0,6,0.42857142857142855,9,0.6428571428571429
475,2086662321.0,4,0.2857142857142857,4,0.2857142857142857
476,2086663101.0,3,0.21428571428571427,3,0.21428571428571427
477,2086663300.0,0,0.0,0,0.0
478,2086663304.0,0,0.0,0,0.0
479,2086663306.0,0,0.0,1,0.07142857142857142
480,2086663308.0,1,0.07142857142857142,2,0.14285714285714285
481,2086663312.0,0,0.0,1,0.07142857142857142
482,2086663313.0,0,0.0,0,0.0
483,2086663314.0,0,0.0,2,0.14285714285714285
484,2086663315.0,4,0.2857142857142857,5,0.35714285714285715
485,2086663316.0,10,0.7142857142857143,12,0.8571428571428571
486,2086663317.0,5,0.35714285714285715,7,0.5
487,2086663318.0,1,0.07142857142857142,1,0.07142857142857142
488,2086663319.0,2,0.14285714285714285,4,0.2857142857142857
489,2086663320.0,0,0.0,0,0.0
490,2086663321.0,4,0.2857142857142857,8,0.5714285714285714
491,2086663323.0,1,0.07142857142857142,4,0.2857142857142857
492,2086663324.0,2,0.14285714285714285,3,0.21428571428571427
493,2086663402.0,4,0.2857142857142857,7,0.5
494,2086663403.0,0,0.0,1,0.07142857142857142
495,2086663409.0,3,0.21428571428571427,3,0.21428571428571427
496,2086663411.0,1,0.07142857142857142,4,0.2857142857142857
497,2086664300.0,1,0.07142857142857142,4,0.2857142857142857
498,2086664301.0,7,0.5,8,0.5714285714285714
499,2086664302.0,9,0.6428571428571429,9,0.6428571428571429
500,2086664303.0,1,0.07142857142857142,2,0.14285714285714285
501,2086664306.0,2,0.14285714285714285,4,0.2857142857142857
502,2086664307.0,0,0.0,0,0.0
503,2086664308.0,1,0.07142857142857142,1,0.07142857142857142
504,2086664309.0,4,0.2857142857142857,5,0.35714285714285715
505,2086664310.0,6,0.42857142857142855,8,0.5714285714285714
506,2086664311.0,8,0.5714285714285714,10,0.7142857142857143
507,2086664312.0,11,0.7857142857142857,12,0.8571428571428571
508,2086664313.0,2,0.14285714285714285,4,0.2857142857142857
509,2086664314.0,6,0.42857142857142855,7,0.5
510,2086664315.0,2,0.14285714285714285,8,0.5714285714285714
511,2086664316.0,5,0.35714285714285715,6,0.42857142857142855
512,2086664317.0,1,0.07142857142857142,4,0.2857142857142857
513,2086664318.0,2,0.14285714285714285,2,0.14285714285714285
514,2086664319.0,1,0.07142857142857142,1,0.07142857142857142
515,2086664320.0,0,0.0,0,0.0
516,2086665300.0,12,0.8571428571428571,12,0.8571428571428571
517,2086665302.0,0,0.0,0,0.0
518,2086665303.0,4,0.2857142857142857,5,0.35714285714285715
519,2086665304.0,9,0.6428571428571429,11,0.7857142857142857
520,2086665305.0,0,0.0,1,0.07142857142857142
521,2086665306.0,4,0.2857142857142857,6,0.42857142857142855
522,2086665307.0,0,0.0,0,0.0
523,2086665308.0,3,0.21428571428571427,4,0.2857142857142857
524,2086665309.0,7,0.5,9,0.6428571428571429
525,2086665310.0,5,0.35714285714285715,7,0.5
526,2086665311.0,3,0.21428571428571427,5,0.35714285714285715
527,2086665314.0,1,0.07142857142857142,1,0.07142857142857142
528,2086665315.0,0,0.0,1,0.07142857142857142
529,2086665316.0,7,0.5,8,0.5714285714285714
530,2086665317.0,10,0.7142857142857143,11,0.7857142857142857
531,2086665318.0,5,0.35714285714285715,9,0.6428571428571429
532,2086665319.0,6,0.42857142857142855,7,0.5
533,2086665320.0,6,0.42857142857142855,6,0.42857142857142855
534,2086665326.0,4,0.2857142857142857,6,0.42857142857142855
535,2086666300.0,2,0.14285714285714285,2,0.14285714285714285
536,2086666301.0,7,0.5,10,0.7142857142857143
537,2086666305.0,3,0.21428571428571427,6,0.42857142857142855
538,2086666306.0,0,0.0,0,0.0
539,2086666307.0,3,0.21428571428571427,6,0.42857142857142855
540,2086666308.0,0,0.0,1,0.07142857142857142
541,2086666309.0,5,0.35714285714285715,6,0.42857142857142855
542,2086666310.0,4,0.2857142857142857,7,0.5
543,2086666311.0,5,0.35714285714285715,7,0.5
544,2086666313.0,0,0.0,0,0.0
545,2086666314.0,0,0.0,0,0.0
546,2086666315.0,6,0.42857142857142855,10,0.7142857142857143
547,2086666316.0,0,0.0,1,0.07142857142857142
548,2086666317.0,3,0.21428571428571427,4,0.2857142857142857
549,2086666318.0,3,0.21428571428571427,5,0.35714285714285715
550,2086666319.0,0,0.0,0,0.0
551,2086666322.0,5,0.35714285714285715,7,0.5
552,2086666323.0,2,0.14285714285714285,4,0.2857142857142857
553,2086666324.0,7,0.5,10,0.7142857142857143
554,2086666328.0,10,0.7142857142857143,11,0.7857142857142857
555,2086666332.0,6,0.42857142857142855,7,0.5
556,2086667300.0,1,0.07142857142857142,1,0.07142857142857142
557,2086667301.0,5,0.35714285714285715,6,0.42857142857142855
558,2086667302.0,4,0.2857142857142857,9,0.6428571428571429
559,2086667303.0,3,0.21428571428571427,5,0.35714285714285715
560,2086667304.0,2,0.14285714285714285,4,0.2857142857142857
561,2086667305.0,2,0.14285714285714285,2,0.14285714285714285
562,2086667306.0,3,0.21428571428571427,3,0.21428571428571427
563,2086667307.0,3,0.21428571428571427,7,0.5
564,2086667309.0,1,0.07142857142857142,3,0.21428571428571427
565,2086667310.0,0,0.0,1,0.07142857142857142
566,2086667311.0,8,0.5714285714285714,8,0.5714285714285714
567,2086667312.0,8,0.5714285714285714,9,0.6428571428571429
568,2086667315.0,4,0.2857142857142857,8,0.5714285714285714
569,2086667318.0,4,0.2857142857142857,5,0.35714285714285715
570,2086667319.0,1,0.07142857142857142,1,0.07142857142857142
571,2086667320.0,0,0.0,0,0.0
572,2086667321.0,5,0.35714285714285715,7,0.5
573,2086667322.0,0,0.0,0,0.0
574,2086667323.0,3,0.21428571428571427,6,0.42857142857142855
575,2086667324.0,0,0.0,0,0.0
576,2093320220.0,2,0.14285714285714285,4,0.2857142857142857
577,2093320221.0,2,0.14285714285714285,2,0.14285714285714285
578,2093320222.0,11,0.7857142857142857,13,0.9285714285714286
579,2093320223.0,1,0.07142857142857142,1,0.07142857142857142
580,2093320225.0,0,0.0,0,0.0
581,2093320226.0,10,0.7142857142857143,11,0.7857142857142857
582,2093320227.0,0,0.0,0,0.0
583,2093320228.0,7,0.5,8,0.5714285714285714
584,2093320230.0,1,0.07142857142857142,3,0.21428571428571427
585,2093320231.0,9,0.6428571428571429,10,0.7142857142857143
586,2093320232.0,11,0.7857142857142857,12,0.8571428571428571
587,2093320233.0,0,0.0,0,0.0
588,2093320234.0,1,0.07142857142857142,2,0.14285714285714285
589,2093320236.0,2,0.14285714285714285,2,0.14285714285714285
590,2093320237.0,9,0.6428571428571429,12,0.8571428571428571
591,2093320238.0,0,0.0,1,0.07142857142857142
592,2093320240.0,5,0.35714285714285715,8,0.5714285714285714
593,2093320241.0,3,0.21428571428571427,3,0.21428571428571427
594,2093320242.0,2,0.14285714285714285,3,0.21428571428571427
595,2093320244.0,0,0.0,0,0.0
596,2093320247.0,12,0.8571428571428571,13,0.9285714285714286
597,2093320249.0,1,0.07142857142857142,2,0.14285714285714285
598,2093320250.0,7,0.5,8,0.5714285714285714
599,2093320251.0,4,0.2857142857142857,4,0.2857142857142857
600,2093320252.0,1,0.07142857142857142,3,0.21428571428571427
601,2093320253.0,5,0.35714285714285715,7,0.5
602,2093320254.0,5,0.35714285714285715,6,0.42857142857142855
603,2093320255.0,5,0.35714285714285715,6,0.42857142857142855
604,2093320256.0,9,0.6428571428571429,10,0.7142857142857143
605,2093320300.0,0,0.0,0,0.0
606,2093320301.0,8,0.5714285714285714,12,0.8571428571428571
607,2093320302.0,10,0.7142857142857143,10,0.7142857142857143
608,2093320303.0,5,0.35714285714285715,7,0.5
609,2093320306.0,6,0.42857142857142855,9,0.6428571428571429
610,2093321174.0,3,0.21428571428571427,5,0.35714285714285715
611,2093321175.0,3,0.21428571428571427,4,0.2857142857142857
612,2093321178.0,1,0.07142857142857142,1,0.07142857142857142
613,2093321179.0,1,0.07142857142857142,1,0.07142857142857142
614,2093321181.0,0,0.0,0,0.0
615,2093321183.0,1,0.07142857142857142,1,0.07142857142857142
616,2093321185.0,0,0.0,0,0.0
617,2093321187.0,3,0.21428571428571427,4,0.2857142857142857
618,2093321189.0,5,0.35714285714285715,7,0.5
619,2093321190.0,1,0.07142857142857142,4,0.2857142857142857
620,2093321191.0,6,0.42857142857142855,7,0.5
621,2093321192.0,4,0.2857142857142857,5,0.35714285714285715
622,2093321193.0,4,0.2857142857142857,4,0.2857142857142857
623,2093321194.0,2,0.14285714285714285,4,0.2857142857142857
624,2093321195.0,4,0.2857142857142857,5,0.35714285714285715
625,2093321196.0,0,0.0,0,0.0
626,2093321208.0,2,0.14285714285714285,3,0.21428571428571427
627,2093321300.0,1,0.07142857142857142,4,0.2857142857142857
628,2093321301.0,1,0.07142857142857142,1,0.07142857142857142
629,2093321302.0,7,0.5,9,0.6428571428571429
630,2093321303.0,3,0.21428571428571427,4,0.2857142857142857
631,2093321305.0,3,0.21428571428571427,6,0.42857142857142855
632,2093322100.0,0,0.0,0,0.0
633,2093322170.0,2,0.14285714285714285,2,0.14285714285714285
634,2093322171.0,1,0.07142857142857142,2,0.14285714285714285
635,2093322172.0,2,0.14285714285714285,3,0.21428571428571427
636,2093322173.0,3,0.21428571428571427,3,0.21428571428571427
637,2093322177.0,0,0.0,0,0.0
638,2093322180.0,8,0.5714285714285714,9,0.6428571428571429
639,2093322184.0,1,0.07142857142857142,1,0.07142857142857142
640,2093322186.0,1,0.07142857142857142,1,0.07142857142857142
641,2093322197.0,2,0.14285714285714285,2,0.14285714285714285
642,2093322201.0,6,0.42857142857142855,7,0.5
643,2093322203.0,7,0.5,11,0.7857142857142857
644,2093322205.0,3,0.21428571428571427,3,0.21428571428571427
645,2093322206.0,0,0.0,0,0.0
646,2093322207.0,2,0.14285714285714285,3,0.21428571428571427
647,2093322209.0,0,0.0,0,0.0
648,2093322210.0,3,0.21428571428571427,3,0.21428571428571427
649,2093322211.0,0,0.0,1,0.07142857142857142
650,2093322212.0,1,0.07142857142857142,1,0.07142857142857142
651,2093322214.0,2,0.14285714285714285,2,0.14285714285714285
652,2093322215.0,0,0.0,1,0.07142857142857142
653,2093322216.0,0,0.0,0,0.0
654,2093322217.0,0,0.0,0,0.0
655,2093322218.0,0,0.0,0,0.0
656,2093322219.0,5,0.35714285714285715,6,0.42857142857142855
657,2093322286.0,9,0.6428571428571429,10,0.7142857142857143
658,2093322300.0,0,0.0,1,0.07142857142857142
659,2093322301.0,3,0.21428571428571427,3,0.21428571428571427
660,2093322303.0,9,0.6428571428571429,12,0.8571428571428571
661,2093322305.0,0,0.0,2,0.14285714285714285
662,2093322306.0,3,0.21428571428571427,3,0.21428571428571427
663,2093322307.0,0,0.0,0,0.0
664,2093322308.0,8,0.5714285714285714,10,0.7142857142857143
665,2093325257.0,2,0.14285714285714285,4,0.2857142857142857
666,2093325258.0,2,0.14285714285714285,3,0.21428571428571427
667,2093325260.0,3,0.21428571428571427,4,0.2857142857142857
668,2093325261.0,3,0.21428571428571427,4,0.2857142857142857
669,2093325300.0,0,0.0,2,0.14285714285714285
670,2093325301.0,2,0.14285714285714285,3,0.21428571428571427
671,2093325302.0,0,0.0,1,0.07142857142857142
672,2093325303.0,1,0.07142857142857142,1,0.07142857142857142
673,2093325305.0,5,0.35714285714285715,6,0.42857142857142855
674,2093325306.0,2,0.14285714285714285,3,0.21428571428571427
675,2093325307.0,2,0.14285714285714285,2,0.14285714285714285
676,2093326100.0,2,0.14285714285714285,2,0.14285714285714285
677,2093326101.0,6,0.42857142857142855,8,0.5714285714285714
678,2093326104.0,1,0.07142857142857142,1,0.07142857142857142
679,2093326105.0,6,0.42857142857142855,7,0.5
680,2093326106.0,4,0.2857142857142857,4,0.2857142857142857
681,2093326107.0,9,0.6428571428571429,10,0.7142857142857143
682,2093326108.0,8,0.5714285714285714,11,0.7857142857142857
683,2093326109.0,10,0.7142857142857143,12,0.8571428571428571
684,2093326110.0,2,0.14285714285714285,4,0.2857142857142857
685,2093326111.0,2,0.14285714285714285,4,0.2857142857142857
686,2093326113.0,7,0.5,7,0.5
687,2093326114.0,3,0.21428571428571427,3,0.21428571428571427
688,2093326115.0,1,0.07142857142857142,2,0.14285714285714285
689,2093326116.0,6,0.42857142857142855,10,0.7142857142857143
690,2093326117.0,2,0.14285714285714285,4,0.2857142857142857
691,2093326118.0,0,0.0,1,0.07142857142857142
692,2093326119.0,3,0.21428571428571427,3,0.21428571428571427
693,2093326120.0,5,0.35714285714285715,8,0.5714285714285714
694,2093326121.0,1,0.07142857142857142,2,0.14285714285714285
695,2093326122.0,3,0.21428571428571427,5,0.35714285714285715
696,2093326123.0,10,0.7142857142857143,11,0.7857142857142857
697,2093326124.0,0,0.0,0,0.0
698,2093326125.0,1,0.07142857142857142,4,0.2857142857142857
699,2093326127.0,5,0.35714285714285715,6,0.42857142857142855
700,2093326128.0,0,0.0,1,0.07142857142857142
701,2093326129.0,0,0.0,1,0.07142857142857142
702,2093326130.0,3,0.21428571428571427,6,0.42857142857142855
703,2093326131.0,7,0.5,9,0.6428571428571429
704,2093326132.0,0,0.0,0,0.0
705,2093326134.0,1,0.07142857142857142,1,0.07142857142857142
706,2093326135.0,2,0.14285714285714285,2,0.14285714285714285
707,2093326136.0,9,0.6428571428571429,11,0.7857142857142857
708,2093326137.0,2,0.14285714285714285,2,0.14285714285714285
709,2093326139.0,7,0.5,9,0.6428571428571429
710,2093326140.0,0,0.0,0,0.0
711,2093326142.0,1,0.07142857142857142,2,0.14285714285714285
712,2093326143.0,1,0.07142857142857142,1,0.07142857142857142
713,2093326145.0,1,0.07142857142857142,3,0.21428571428571427
714,2093326146.0,8,0.5714285714285714,10,0.7142857142857143
715,2093326147.0,1,0.07142857142857142,1,0.07142857142857142
716,2093326149.0,3,0.21428571428571427,7,0.5
717,2093326150.0,1,0.07142857142857142,3,0.21428571428571427
718,2093326176.0,3,0.21428571428571427,3,0.21428571428571427
719,2093326292.0,1,0.07142857142857142,3,0.21428571428571427
720,2093326293.0,0,0.0,1,0.07142857142857142
721,2093326300.0,3,0.21428571428571427,4,0.2857142857142857
722,2093326302.0,2,0.14285714285714285,4,0.2857142857142857
723,2093326303.0,6,0.42857142857142855,8,0.5714285714285714
724,2093326304.0,2,0.14285714285714285,3,0.21428571428571427
725,2093326307.0,8,0.5714285714285714,8,0.5714285714285714
726,2093327152.0,2,0.14285714285714285,3,0.21428571428571427
727,2093327154.0,3,0.21428571428571427,3,0.21428571428571427
728,2093327155.0,4,0.2857142857142857,5,0.35714285714285715
729,2093327156.0,1,0.07142857142857142,1,0.07142857142857142
730,2093327157.0,3,0.21428571428571427,3,0.21428571428571427
731,2093327159.0,12,0.8571428571428571,13,0.9285714285714286
732,2093327160.0,0,0.0,0,0.0
733,2093327161.0,8,0.5714285714285714,9,0.6428571428571429
734,2093327163.0,0,0.0,2,0.14285714285714285
735,2093327164.0,0,0.0,0,0.0
736,2093327165.0,0,0.0,3,0.21428571428571427
737,2093327166.0,5,0.35714285714285715,7,0.5
738,2093327167.0,1,0.07142857142857142,1,0.07142857142857142
739,2093327168.0,1,0.07142857142857142,1,0.07142857142857142
740,2093327169.0,7,0.5,10,0.7142857142857143
741,2093327268.0,2,0.14285714285714285,4,0.2857142857142857
742,2093327272.0,0,0.0,0,0.0
743,2093327300.0,0,0.0,0,0.0
744,2093327301.0,7,0.5,10,0.7142857142857143
745,2093327302.0,0,0.0,1,0.07142857142857142
746,2093327303.0,8,0.5714285714285714,9,0.6428571428571429
747,2093327304.0,0,0.0,0,0.0
748,2093327305.0,1,0.07142857142857142,4,0.2857142857142857
749,2093327306.0,6,0.42857142857142855,6,0.42857142857142855
750,2093327307.0,2,0.14285714285714285,2,0.14285714285714285
751,2093328262.0,0,0.0,0,0.0
752,2093328263.0,3,0.21428571428571427,5,0.35714285714285715
753,2093328300.0,1,0.07142857142857142,4,0.2857142857142857
754,2093328301.0,0,0.0,0,0.0
755,2093328302.0,3,0.21428571428571427,3,0.21428571428571427
756,2093328304.0,3,0.21428571428571427,5,0.35714285714285715
757,2093328305.0,6,0.42857142857142855,8,0.5714285714285714
758,2093330264.0,5,0.35714285714285715,9,0.6428571428571429
759,2093330270.0,0,0.0,0,0.0
760,2093330271.0,0,0.0,1,0.07142857142857142
761,2093330273.0,1,0.07142857142857142,2,0.14285714285714285
762,2093330275.0,4,0.2857142857142857,7,0.5
763,2093330276.0,0,0.0,2,0.14285714285714285
764,2093330300.0,1,0.07142857142857142,2,0.14285714285714285
765,2093330301.0,6,0.42857142857142855,7,0.5
766,2093330302.0,0,0.0,2,0.14285714285714285
767,2093330306.0,8,0.5714285714285714,10,0.7142857142857143
768,2093330307.0,0,0.0,0,0.0
769,2093848100.0,0,0.0,0,0.0
770,2093848101.0,6,0.42857142857142855,8,0.5714285714285714
771,2093848102.0,5,0.35714285714285715,7,0.5
772,2093848103.0,0,0.0,1,0.07142857142857142
773,2093848104.0,0,0.0,0,0.0
774,2093848105.0,0,0.0,1,0.07142857142857142
775,2093848106.0,12,0.8571428571428571,12,0.8571428571428571
776,2093848107.0,11,0.7857142857142857,12,0.8571428571428571
777,2093848108.0,1,0.07142857142857142,2,0.14285714285714285
778,2093848109.0,10,0.7142857142857143,10,0.7142857142857143
779,2093848110.0,4,0.2857142857142857,4,0.2857142857142857
780,2093848111.0,0,0.0,1,0.07142857142857142
781,2093848112.0,5,0.35714285714285715,9,0.6428571428571429
782,2093848113.0,1,0.07142857142857142,1,0.07142857142857142
783,2093848115.0,0,0.0,0,0.0
784,2093848116.0,5,0.35714285714285715,6,0.42857142857142855
785,2093848117.0,1,0.07142857142857142,4,0.2857142857142857
786,2093848118.0,10,0.7142857142857143,11,0.7857142857142857
787,2093848119.0,4,0.2857142857142857,6,0.42857142857142855
788,2093848120.0,0,0.0,0,0.0
789,2093848121.0,0,0.0,0,0.0
790,2093849100.0,0,0.0,0,0.0
791,2093849101.0,0,0.0,0,0.0
792,2093849103.0,2,0.14285714285714285,5,0.35714285714285715
793,2093849104.0,0,0.0,0,0.0
794,2093849105.0,2,0.14285714285714285,3,0.21428571428571427
795,2093849106.0,2,0.14285714285714285,3,0.21428571428571427
796,2093849107.0,12,0.8571428571428571,13,0.9285714285714286
797,2093849108.0,0,0.0,1,0.07142857142857142
798,2093849109.0,0,0.0,0,0.0
799,2093849110.0,0,0.0,0,0.0
800,2093849111.0,3,0.21428571428571427,6,0.42857142857142855
801,2093849113.0,2,0.14285714285714285,3,0.21428571428571427
802,2093849114.0,0,0.0,0,0.0
803,2093849115.0,3,0.21428571428571427,4,0.2857142857142857
804,2093849116.0,1,0.07142857142857142,2,0.14285714285714285
805,2093849117.0,4,0.2857142857142857,5,0.35714285714285715
806,2093849118.0,3,0.21428571428571427,3,0.21428571428571427
807,2093849119.0,2,0.14285714285714285,3,0.21428571428571427
808,2093849120.0,3,0.21428571428571427,5,0.35714285714285715
809,2093849121.0,4,0.2857142857142857,6,0.42857142857142855
810,2093850100.0,8,0.5714285714285714,9,0.6428571428571429
811,2093850101.0,0,0.0,0,0.0
812,2093850102.0,0,0.0,0,0.0
813,2093850104.0,12,0.8571428571428571,12,0.8571428571428571
814,2093850106.0,2,0.14285714285714285,4,0.2857142857142857
815,2093850108.0,4,0.2857142857142857,8,0.5714285714285714
816,2093850110.0,7,0.5,9,0.6428571428571429
817,2093850111.0,0,0.0,0,0.0
818,2093850113.0,3,0.21428571428571427,3,0.21428571428571427
819,2093850114.0,0,0.0,0,0.0
820,2093850115.0,7,0.5,10,0.7142857142857143
821,2093850116.0,2,0.14285714285714285,5,0.35714285714285715
822,2093850117.0,0,0.0,1,0.07142857142857142
823,2093850118.0,7,0.5,9,0.6428571428571429
824,2093850119.0,5,0.35714285714285715,5,0.35714285714285715
825,2093850120.0,1,0.07142857142857142,1,0.07142857142857142
826,2093850121.0,7,0.5,7,0.5
827,2093851100.0,7,0.5,8,0.5714285714285714
828,2093851101.0,0,0.0,0,0.0
829,2093851102.0,8,0.5714285714285714,9,0.6428571428571429
830,2093851103.0,1,0.07142857142857142,3,0.21428571428571427
831,2093851104.0,0,0.0,0,0.0
832,2093851105.0,10,0.7142857142857143,12,0.8571428571428571
833,2093851106.0,0,0.0,0,0.0
834,2093851107.0,10,0.7142857142857143,12,0.8571428571428571
835,2093851108.0,0,0.0,3,0.21428571428571427
836,2093851109.0,0,0.0,1,0.07142857142857142
837,2093851110.0,0,0.0,0,0.0
838,2093851112.0,0,0.0,0,0.0
839,2093851114.0,1,0.07142857142857142,4,0.2857142857142857
840,2093851115.0,0,0.0,2,0.14285714285714285
841,2093851116.0,1,0.07142857142857142,2,0.14285714285714285
842,2093851117.0,0,0.0,1,0.07142857142857142
843,2093851119.0,8,0.5714285714285714,9,0.6428571428571429
844,2093851121.0,9,0.6428571428571429,10,0.7142857142857143
845,2094431100.0,2,0.14285714285714285,4,0.2857142857142857
846,2094431101.0,8,0.5714285714285714,9,0.6428571428571429
847,2094431103.0,5,0.35714285714285715,6,0.42857142857142855
848,2094431104.0,9,0.6428571428571429,9,0.6428571428571429
849,2094431105.0,7,0.5,8,0.5714285714285714
850,2094431106.0,0,0.0,3,0.21428571428571427
851,2094431107.0,0,0.0,3,0.21428571428571427
852,2094431108.0,0,0.0,0,0.0
853,2094431109.0,2,0.14285714285714285,3,0.21428571428571427
854,2094431110.0,1,0.07142857142857142,3,0.21428571428571427
855,2094431111.0,1,0.07142857142857142,5,0.35714285714285715
856,2094431112.0,0,0.0,1,0.07142857142857142
857,2094431113.0,3,0.21428571428571427,3,0.21428571428571427
858,2094431114.0,12,0.8571428571428571,13,0.9285714285714286
859,2094431115.0,10,0.7142857142857143,12,0.8571428571428571
860,2094431116.0,4,0.2857142857142857,6,0.42857142857142855
861,2094431117.0,12,0.8571428571428571,13,0.9285714285714286
862,2094431118.0,8,0.5714285714285714,10,0.7142857142857143
863,2094431119.0,8,0.5714285714285714,10,0.7142857142857143
864,2094431120.0,6,0.42857142857142855,7,0.5
865,2094431121.0,0,0.0,1,0.07142857142857142
866,2094431122.0,8,0.5714285714285714,11,0.7857142857142857
867,2094431123.0,10,0.7142857142857143,12,0.8571428571428571
868,2094431125.0,12,0.8571428571428571,12,0.8571428571428571
869,2094431126.0,8,0.5714285714285714,9,0.6428571428571429
870,2094431127.0,0,0.0,0,0.0
871,2094431128.0,8,0.5714285714285714,9,0.6428571428571429
872,2094431129.0,6,0.42857142857142855,7,0.5
873,2094431130.0,4,0.2857142857142857,5,0.35714285714285715
874,2094431131.0,5,0.35714285714285715,6,0.42857142857142855
875,2094431132.0,6,0.42857142857142855,8,0.5714285714285714
876,2094431133.0,10,0.7142857142857143,13,0.9285714285714286
877,2094431300.0,0,0.0,0,0.0
878,2094431301.0,4,0.2857142857142857,6,0.42857142857142855
879,2094431302.0,1,0.07142857142857142,2,0.14285714285714285
880,2094431303.0,13,0.9285714285714286,13,0.9285714285714286
881,2094431304.0,2,0.14285714285714285,3,0.21428571428571427
882,2094431305.0,4,0.2857142857142857,4,0.2857142857142857
883,2094431306.0,3,0.21428571428571427,4,0.2857142857142857
884,2094432195.0,2,0.14285714285714285,4,0.2857142857142857
885,2094432196.0,4,0.2857142857142857,5,0.35714285714285715
886,2094432197.0,4,0.2857142857142857,4,0.2857142857142857
887,2094432300.0,0,0.0,0,0.0
888,2094432301.0,6,0.42857142857142855,8,0.5714285714285714
889,2094432303.0,4,0.2857142857142857,4,0.2857142857142857
890,2094432304.0,1,0.07142857142857142,1,0.07142857142857142
891,2094432305.0,5,0.35714285714285715,5,0.35714285714285715
892,2094432306.0,1,0.07142857142857142,2,0.14285714285714285
893,2094433144.0,10,0.7142857142857143,10,0.7142857142857143
894,2094433149.0,6,0.42857142857142855,7,0.5
895,2094433150.0,8,0.5714285714285714,11,0.7857142857142857
896,2094433151.0,8,0.5714285714285714,9,0.6428571428571429
897,2094433152.0,2,0.14285714285714285,2,0.14285714285714285
898,2094433206.0,0,0.0,0,0.0
899,2094433300.0,5,0.35714285714285715,7,0.5
900,2094433301.0,7,0.5,8,0.5714285714285714
901,2094433302.0,0,0.0,0,0.0
902,2094433303.0,11,0.7857142857142857,13,0.9285714285714286
903,2094433304.0,4,0.2857142857142857,4,0.2857142857142857
904,2094434134.0,6,0.42857142857142855,7,0.5
905,2094434135.0,2,0.14285714285714285,2,0.14285714285714285
906,2094434136.0,1,0.07142857142857142,3,0.21428571428571427
907,2094434137.0,11,0.7857142857142857,12,0.8571428571428571
908,2094434138.0,9,0.6428571428571429,11,0.7857142857142857
909,2094434139.0,5,0.35714285714285715,7,0.5
910,2094434140.0,6,0.42857142857142855,8,0.5714285714285714
911,2094434141.0,8,0.5714285714285714,9,0.6428571428571429
912,2094434142.0,1,0.07142857142857142,7,0.5
913,2094434143.0,7,0.5,7,0.5
914,2094434144.0,1,0.07142857142857142,2,0.14285714285714285
915,2094434145.0,9,0.6428571428571429,10,0.7142857142857143
916,2094434147.0,4,0.2857142857142857,5,0.35714285714285715
917,2094434148.0,2,0.14285714285714285,3,0.21428571428571427
918,2094434300.0,4,0.2857142857142857,5,0.35714285714285715
919,2094434301.0,8,0.5714285714285714,11,0.7857142857142857
920,2094434302.0,0,0.0,0,0.0
921,2094434303.0,6,0.42857142857142855,8,0.5714285714285714
922,2094434305.0,12,0.8571428571428571,12,0.8571428571428571
923,2094434306.0,1,0.07142857142857142,1,0.07142857142857142
924,2094435187.0,0,0.0,2,0.14285714285714285
925,2094435188.0,2,0.14285714285714285,2,0.14285714285714285
926,2094435189.0,0,0.0,1,0.07142857142857142
927,2094435190.0,12,0.8571428571428571,12,0.8571428571428571
928,2094435191.0,9,0.6428571428571429,11,0.7857142857142857
929,2094435192.0,1,0.07142857142857142,1,0.07142857142857142
930,2094435193.0,3,0.21428571428571427,3,0.21428571428571427
931,2094435300.0,2,0.14285714285714285,2,0.14285714285714285
932,2094435305.0,1,0.07142857142857142,2,0.14285714285714285
933,2094435306.0,5,0.35714285714285715,8,0.5714285714285714
934,2094436178.0,0,0.0,1,0.07142857142857142
935,2094436179.0,0,0.0,0,0.0
936,2094436180.0,10,0.7142857142857143,11,0.7857142857142857
937,2094436181.0,2,0.14285714285714285,3,0.21428571428571427
938,2094436182.0,4,0.2857142857142857,4,0.2857142857142857
939,2094436183.0,0,0.0,1,0.07142857142857142
940,2094436184.0,11,0.7857142857142857,13,0.9285714285714286
941,2094436185.0,5,0.35714285714285715,6,0.42857142857142855
942,2094436186.0,0,0.0,1,0.07142857142857142
943,2094436300.0,9,0.6428571428571429,10,0.7142857142857143
944,2094436301.0,6,0.42857142857142855,9,0.6428571428571429
945,2094436303.0,2,0.14285714285714285,3,0.21428571428571427
946,2094436305.0,7,0.5,8,0.5714285714285714
947,2094436306.0,1,0.07142857142857142,2,0.14285714285714285
948,2094437153.0,10,0.7142857142857143,10,0.7142857142857143
949,2094437154.0,3,0.21428571428571427,4,0.2857142857142857
950,2094437156.0,4,0.2857142857142857,4,0.2857142857142857
951,2094438167.0,8,0.5714285714285714,9,0.6428571428571429
952,2094438168.0,3,0.21428571428571427,3,0.21428571428571427
953,2094438169.0,8,0.5714285714285714,8,0.5714285714285714
954,2094438170.0,9,0.6428571428571429,10,0.7142857142857143
955,2094438171.0,2,0.14285714285714285,3,0.21428571428571427
956,2094438172.0,8,0.5714285714285714,10,0.7142857142857143
957,2094438173.0,2,0.14285714285714285,3,0.21428571428571427
958,2094438174.0,1,0.07142857142857142,1,0.07142857142857142
959,2094438175.0,12,0.8571428571428571,13,0.9285714285714286
960,2094438176.0,5,0.35714285714285715,6,0.42857142857142855
961,2094438177.0,2,0.14285714285714285,4,0.2857142857142857
962,2094438301.0,6,0.42857142857142855,6,0.42857142857142855
963,2094439157.0,8,0.5714285714285714,9,0.6428571428571429
964,2094439158.0,1,0.07142857142857142,4,0.2857142857142857
965,2094439159.0,1,0.07142857142857142,2,0.14285714285714285
966,2094439160.0,10,0.7142857142857143,11,0.7857142857142857
967,2094439161.0,1,0.07142857142857142,2,0.14285714285714285
968,2094439162.0,12,0.8571428571428571,13,0.9285714285714286
969,2094439163.0,8,0.5714285714285714,10,0.7142857142857143
970,2094439164.0,1,0.07142857142857142,1,0.07142857142857142
971,2094439165.0,0,0.0,2,0.14285714285714285
972,2094439166.0,2,0.14285714285714285,4,0.2857142857142857
973,2094439294.0,11,0.7857142857142857,13,0.9285714285714286
974,2094439300.0,5,0.35714285714285715,6,0.42857142857142855
975,2094439302.0,4,0.2857142857142857,4,0.2857142857142857
976,2094439303.0,5,0.35714285714285715,6,0.42857142857142855
977,2094439304.0,7,0.5,8,0.5714285714285714
978,2094439305.0,12,0.8571428571428571,13,0.9285714285714286
979,2094552100.0,1,0.07142857142857142,1,0.07142857142857142
980,2094552101.0,3,0.21428571428571427,5,0.35714285714285715
981,2094552103.0,1,0.07142857142857142,1,0.07142857142857142
982,2094552104.0,2,0.14285714285714285,2,0.14285714285714285
983,2094552105.0,6,0.42857142857142855,8,0.5714285714285714
984,2094552106.0,10,0.7142857142857143,11,0.7857142857142857
985,2094552107.0,10,0.7142857142857143,12,0.8571428571428571
986,2094552108.0,4,0.2857142857142857,5,0.35714285714285715
987,2094552109.0,3,0.21428571428571427,3,0.21428571428571427
988,2094552110.0,2,0.14285714285714285,2,0.14285714285714285
989,2094552111.0,3,0.21428571428571427,3,0.21428571428571427
990,2094552112.0,0,0.0,1,0.07142857142857142
991,2094552113.0,0,0.0,0,0.0
992,2094552114.0,4,0.2857142857142857,4,0.2857142857142857
993,2094552115.0,14,1.0,14,1.0
994,2094552116.0,2,0.14285714285714285,3,0.21428571428571427
995,2094552118.0,4,0.2857142857142857,7,0.5
996,2094552119.0,0,0.0,0,0.0
997,2094552120.0,0,0.0,1,0.07142857142857142
998,2094553100.0,0,0.0,1,0.07142857142857142
999,2094553101.0,2,0.14285714285714285,3,0.21428571428571427
1000,2094553103.0,3,0.21428571428571427,4,0.2857142857142857
1001,2094553104.0,0,0.0,0,0.0
1002,2094553105.0,1,0.07142857142857142,1,0.07142857142857142
1003,2094553106.0,2,0.14285714285714285,5,0.35714285714285715
1004,2094553107.0,1,0.07142857142857142,4,0.2857142857142857
1005,2094553109.0,0,0.0,1,0.07142857142857142
1006,2094553110.0,3,0.21428571428571427,3,0.21428571428571427
1007,2094553112.0,2,0.14285714285714285,2,0.14285714285714285
1008,2094553115.0,8,0.5714285714285714,10,0.7142857142857143
1009,2094553117.0,0,0.0,0,0.0
1010,2094553119.0,2,0.14285714285714285,4,0.2857142857142857
1011,2094554100.0,1,0.07142857142857142,1,0.07142857142857142
1012,2094554101.0,2,0.14285714285714285,3,0.21428571428571427
1013,2094554102.0,7,0.5,8,0.5714285714285714
1014,2094554103.0,3,0.21428571428571427,6,0.42857142857142855
1015,2094554104.0,1,0.07142857142857142,1,0.07142857142857142
1016,2094554105.0,1,0.07142857142857142,1,0.07142857142857142
1017,2094554107.0,1,0.07142857142857142,2,0.14285714285714285
1018,2094554108.0,10,0.7142857142857143,10,0.7142857142857143
1019,2094554109.0,1,0.07142857142857142,1,0.07142857142857142
1020,2094554110.0,0,0.0,1,0.07142857142857142
1021,2094554111.0,0,0.0,0,0.0
1022,2094554112.0,8,0.5714285714285714,8,0.5714285714285714
1023,2094554113.0,12,0.8571428571428571,12,0.8571428571428571
1024,2094554114.0,12,0.8571428571428571,12,0.8571428571428571
1025,2094554115.0,4,0.2857142857142857,5,0.35714285714285715
1026,2094554116.0,11,0.7857142857142857,13,0.9285714285714286
1027,2094554117.0,0,0.0,1,0.07142857142857142
1028,2094554118.0,3,0.21428571428571427,6,0.42857142857142855
1029,2094554119.0,1,0.07142857142857142,1,0.07142857142857142
1030,2094554120.0,9,0.6428571428571429,10,0.7142857142857143
1031,2094554121.0,2,0.14285714285714285,3,0.21428571428571427
1032,2094555102.0,3,0.21428571428571427,5,0.35714285714285715
1033,2094555105.0,5,0.35714285714285715,6,0.42857142857142855
1034,2094555106.0,1,0.07142857142857142,2,0.14285714285714285
1035,2094555107.0,5,0.35714285714285715,5,0.35714285714285715
1036,2094555108.0,0,0.0,0,0.0
1037,2094555110.0,8,0.5714285714285714,11,0.7857142857142857
1038,2094555111.0,6,0.42857142857142855,7,0.5
1039,2094555112.0,2,0.14285714285714285,3,0.21428571428571427
1040,2094555113.0,1,0.07142857142857142,1,0.07142857142857142
1041,2094555114.0,0,0.0,0,0.0
1042,2094555115.0,2,0.14285714285714285,3,0.21428571428571427
1043,2094555119.0,9,0.6428571428571429,11,0.7857142857142857
1044,2094555120.0,0,0.0,1,0.07142857142857142
1045,2094555121.0,7,0.5,9,0.6428571428571429
1046,2094556100.0,2,0.14285714285714285,4,0.2857142857142857
1047,2094556101.0,7,0.5,10,0.7142857142857143
1048,2094556102.0,3,0.21428571428571427,3,0.21428571428571427
1049,2094556103.0,1,0.07142857142857142,2,0.14285714285714285
1050,2094556104.0,6,0.42857142857142855,9,0.6428571428571429
1051,2094556105.0,2,0.14285714285714285,4,0.2857142857142857
1052,2094556106.0,2,0.14285714285714285,3,0.21428571428571427
1053,2094556107.0,2,0.14285714285714285,2,0.14285714285714285
1054,2094556108.0,10,0.7142857142857143,11,0.7857142857142857
1055,2094556109.0,0,0.0,1,0.07142857142857142
1056,2094556110.0,1,0.07142857142857142,2,0.14285714285714285
1057,2094556111.0,2,0.14285714285714285,4,0.2857142857142857
1058,2094556112.0,0,0.0,2,0.14285714285714285
1059,2094556113.0,2,0.14285714285714285,2,0.14285714285714285
1060,2094556114.0,0,0.0,1,0.07142857142857142
1061,2094556115.0,4,0.2857142857142857,6,0.42857142857142855
1062,2094556116.0,0,0.0,0,0.0
1063,2094556117.0,7,0.5,8,0.5714285714285714
1064,2094556118.0,5,0.35714285714285715,7,0.5
1065,2094556119.0,1,0.07142857142857142,1,0.07142857142857142
1066,2094557100.0,3,0.21428571428571427,5,0.35714285714285715
1067,2094557101.0,3,0.21428571428571427,3,0.21428571428571427
1068,2094557102.0,8,0.5714285714285714,11,0.7857142857142857
1069,2094557105.0,10,0.7142857142857143,11,0.7857142857142857
1070,2094557106.0,10,0.7142857142857143,13,0.9285714285714286
1071,2094557107.0,0,0.0,0,0.0
1072,2094557108.0,4,0.2857142857142857,4,0.2857142857142857
1073,2094557109.0,0,0.0,2,0.14285714285714285
1074,2094557112.0,2,0.14285714285714285,4,0.2857142857142857
1075,2094557113.0,10,0.7142857142857143,10,0.7142857142857143
1076,2094557114.0,0,0.0,0,0.0
1077,2094557115.0,0,0.0,2,0.14285714285714285
1078,2094557116.0,0,0.0,0,0.0
1079,2094557117.0,0,0.0,0,0.0
1080,2094557119.0,12,0.8571428571428571,12,0.8571428571428571
1081,2094557120.0,3,0.21428571428571427,4,0.2857142857142857
1082,2094557121.0,7,0.5,9,0.6428571428571429
1083,2094558100.0,3,0.21428571428571427,5,0.35714285714285715
1084,2094558102.0,0,0.0,1,0.07142857142857142
1085,2094558103.0,10,0.7142857142857143,11,0.7857142857142857
1086,2094558104.0,6,0.42857142857142855,9,0.6428571428571429
1087,2094558106.0,8,0.5714285714285714,10,0.7142857142857143
1088,2094558107.0,14,1.0,14,1.0
1089,2094558109.0,1,0.07142857142857142,3,0.21428571428571427
1090,2094558110.0,9,0.6428571428571429,12,0.8571428571428571
1091,2094558111.0,2,0.14285714285714285,2,0.14285714285714285
1092,2094558112.0,12,0.8571428571428571,13,0.9285714285714286
1093,2094558113.0,4,0.2857142857142857,6,0.42857142857142855
1094,2094558114.0,13,0.9285714285714286,13,0.9285714285714286
1095,2094558115.0,0,0.0,2,0.14285714285714285
1096,2094558116.0,10,0.7142857142857143,12,0.8571428571428571
1097,2094558117.0,10,0.7142857142857143,10,0.7142857142857143
1098,2094558118.0,3,0.21428571428571427,4,0.2857142857142857
1099,2094558119.0,2,0.14285714285714285,6,0.42857142857142855
1100,2094558120.0,3,0.21428571428571427,5,0.35714285714285715
1101,2094558121.0,4,0.2857142857142857,9,0.6428571428571429
1102,2094558122.0,2,0.14285714285714285,4,0.2857142857142857
1103,2094559100.0,6,0.42857142857142855,10,0.7142857142857143
1104,2094559101.0,6,0.42857142857142855,7,0.5
1105,2094559102.0,4,0.2857142857142857,7,0.5
1106,2094559103.0,9,0.6428571428571429,12,0.8571428571428571
1107,2094559104.0,1,0.07142857142857142,2,0.14285714285714285
1108,2094559105.0,0,0.0,0,0.0
1109,2094559106.0,5,0.35714285714285715,7,0.5
1110,2094559107.0,7,0.5,9,0.6428571428571429
1111,2094559108.0,0,0.0,0,0.0
1112,2094559109.0,6,0.42857142857142855,7,0.5
1113,2094559110.0,3,0.21428571428571427,5,0.35714285714285715
1114,2094559111.0,1,0.07142857142857142,1,0.07142857142857142
1115,2094559112.0,12,0.8571428571428571,12,0.8571428571428571
1116,2094559113.0,10,0.7142857142857143,12,0.8571428571428571
1117,2094559114.0,0,0.0,0,0.0
1118,2094559115.0,4,0.2857142857142857,5,0.35714285714285715
1119,2094559116.0,12,0.8571428571428571,13,0.9285714285714286
1120,2094559117.0,0,0.0,0,0.0
1121,2094559118.0,12,0.8571428571428571,13,0.9285714285714286
1122,2094559119.0,12,0.8571428571428571,12,0.8571428571428571
1123,2094560100.0,10,0.7142857142857143,13,0.9285714285714286
1124,2094560101.0,0,0.0,0,0.0
1125,2094560102.0,8,0.5714285714285714,9,0.6428571428571429
1126,2094560103.0,6,0.42857142857142855,8,0.5714285714285714
1127,2094560104.0,8,0.5714285714285714,9,0.6428571428571429
1128,2094560105.0,2,0.14285714285714285,2,0.14285714285714285
1129,2094560106.0,3,0.21428571428571427,5,0.35714285714285715
1130,2094560107.0,9,0.6428571428571429,11,0.7857142857142857
1131,2094560108.0,4,0.2857142857142857,6,0.42857142857142855
1132,2094560109.0,1,0.07142857142857142,1,0.07142857142857142
1133,2094560110.0,0,0.0,0,0.0
1134,2094560112.0,1,0.07142857142857142,2,0.14285714285714285
1135,2094560115.0,1,0.07142857142857142,2,0.14285714285714285
1136,2094560116.0,6,0.42857142857142855,8,0.5714285714285714
1137,2094560117.0,1,0.07142857142857142,1,0.07142857142857142
1138,2094560118.0,1,0.07142857142857142,1,0.07142857142857142
1139,2094560119.0,1,0.07142857142857142,1,0.07142857142857142
1140,2094560120.0,6,0.42857142857142855,9,0.6428571428571429
1141,2094560121.0,0,0.0,4,0.2857142857142857
